-- phpMyAdmin SQL Dump
-- version 4.8.3
-- https://www.phpmyadmin.net/
--
-- Host: 127.0.0.1
-- Generation Time: Dec 17, 2018 at 11:16 PM
-- Server version: 10.1.37-MariaDB
-- PHP Version: 7.2.12

SET SQL_MODE = "NO_AUTO_VALUE_ON_ZERO";
SET AUTOCOMMIT = 0;
START TRANSACTION;
SET time_zone = "+00:00";


/*!40101 SET @OLD_CHARACTER_SET_CLIENT=@@CHARACTER_SET_CLIENT */;
/*!40101 SET @OLD_CHARACTER_SET_RESULTS=@@CHARACTER_SET_RESULTS */;
/*!40101 SET @OLD_COLLATION_CONNECTION=@@COLLATION_CONNECTION */;
/*!40101 SET NAMES utf8mb4 */;

--
-- Database: `bepcinc`
--

-- --------------------------------------------------------

--
-- Table structure for table `account`
--

CREATE TABLE `account` (
  `ID` int(11) NOT NULL,
  `Name` varchar(100) NOT NULL,
  `Phone` varchar(20) NOT NULL,
  `Industry` int(11) NOT NULL,
  `Division` int(11) NOT NULL,
  `Address` varchar(100) NOT NULL,
  `Company` varchar(100) NOT NULL,
  `ManagerID` int(11) NOT NULL
) ENGINE=InnoDB DEFAULT CHARSET=latin1;

--
-- Dumping data for table `account`
--

INSERT INTO `account` (`ID`, `Name`, `Phone`, `Industry`, `Division`, `Address`, `Company`, `ManagerID`) VALUES
(1, 'Mexico - BEPC MX', '', 1, 1, 'Gomez Morin # 345', 'BEPC INC', 1),
(2, 'Ethicon, Inc.', '', 1, 1, 'Blvd. Zaragoza #2554', 'Johnson & Johnson', 2),
(3, 'Biosense Webster BWI Juarez MX', '', 1, 1, 'Pan American Drive #892', 'Johnson & Johnson', 1),
(4, 'SEI MEDICAL S.A DE C.V', '', 1, 1, 'Triunfo de la Republica', 'Johnson & Johnson', 2),
(5, 'Biosense Webster Inc', '', 1, 1, 'Durango #234', 'Johnson & Johnson', 1),
(6, 'Cardinal Health-Cordis Juarez MX', '', 1, 1, 'Tlaxcala #112521', 'Johnson & Johnson', 1),
(7, 'ZEROCHAOS MEXICO S DE RL DE CV', '', 1, 1, 'Blvd. Juan Pablo II', 'Johnson & Johnson', 2),
(8, 'Ethicon Inc Independencia MX', '', 1, 1, 'Calle Sin nombre', 'Johnson & Johnson', 1),
(9, 'Mechatronics Design LLC', '', 2, 1, 'Atras quedo la huella', 'Johnson & Johnson', 1),
(10, 'Ethicon Endo Surgery', '', 1, 1, 'Reyes Estrada', 'Johnson & Johnson', 2),
(11, 'Ethicon endo Torres Juarez MX', '', 1, 1, 'Monte Ararat', 'Johnson & Johnson', 1),
(12, 'Ethicon Endo Independencia Juarez MX', '', 1, 1, 'Monte Fitz', 'Johnson & Johnson', 1),
(13, 'Bard Shannon Limited', '+1956-205-7191', 2, 1, 'Calle Ficticia 1', 'Bard', 2),
(14, 'Bard Dickinson & Company', '+1 915-231-5000', 1, 1, 'Calle Ficticia 2', 'Bard', 1);

-- --------------------------------------------------------

--
-- Table structure for table `account_manager`
--

CREATE TABLE `account_manager` (
  `ID` int(11) NOT NULL,
  `Name` varchar(100) NOT NULL,
  `Email` varchar(100) NOT NULL,
  `Phone` varchar(20) NOT NULL,
  `SubAccountID` int(11) NOT NULL
) ENGINE=InnoDB DEFAULT CHARSET=latin1;

--
-- Dumping data for table `account_manager`
--

INSERT INTO `account_manager` (`ID`, `Name`, `Email`, `Phone`, `SubAccountID`) VALUES
(1, 'Manager General', 'managerGeneral@hotmail.com', '6566752392', 1),
(2, 'Manager Prueba', 'managerPrueba@yahoo.com', '6567890953', 2);

-- --------------------------------------------------------

--
-- Table structure for table `areas`
--

CREATE TABLE `areas` (
  `ID` int(11) NOT NULL,
  `Name` varchar(50) NOT NULL
) ENGINE=InnoDB DEFAULT CHARSET=latin1;

--
-- Dumping data for table `areas`
--

INSERT INTO `areas` (`ID`, `Name`) VALUES
(1, 'Validation Engineering'),
(2, 'Manufacturing Support'),
(3, 'QA & Compliance'),
(4, 'Project Leaders'),
(5, 'Staff'),
(6, 'Technician'),
(7, 'Supply Chain'),
(8, 'Facilities'),
(9, 'Administrative');

-- --------------------------------------------------------

--
-- Table structure for table `assignment`
--

CREATE TABLE `assignment` (
  `ID` int(11) NOT NULL,
  `Name` varchar(100) NOT NULL,
  `BR` decimal(10,2) NOT NULL,
  `PR` decimal(10,2) NOT NULL,
  `ProjectID` int(11) NOT NULL,
  `PO` int(11) NOT NULL,
  `ConsultorID` int(11) DEFAULT NULL,
  `StartDate` timestamp NOT NULL DEFAULT CURRENT_TIMESTAMP ON UPDATE CURRENT_TIMESTAMP,
  `EndDate` timestamp NOT NULL DEFAULT '0000-00-00 00:00:00',
  `Burden` decimal(10,2) NOT NULL,
  `Currency` tinyint(4) NOT NULL,
  `Status` tinyint(4) NOT NULL,
  `SalesForceID` int(11) NOT NULL
) ENGINE=InnoDB DEFAULT CHARSET=latin1;

--
-- Dumping data for table `assignment`
--

INSERT INTO `assignment` (`ID`, `Name`, `BR`, `PR`, `ProjectID`, `PO`, `ConsultorID`, `StartDate`, `EndDate`, `Burden`, `Currency`, `Status`, `SalesForceID`) VALUES
(1, 'Incapacidad', '0.00', '0.00', 0, 0, 0, '2018-12-03 16:32:24', '0000-00-00 00:00:00', '0.00', 0, 1, 0),
(2, 'Permiso sin goce de sueldo', '0.00', '0.00', 0, 0, 0, '2018-12-03 16:32:26', '0000-00-00 00:00:00', '0.00', 0, 1, 0),
(3, 'Vacaciones', '0.00', '0.00', 0, 0, 0, '2018-12-03 16:32:28', '0000-00-00 00:00:00', '0.00', 0, 1, 0),
(4, 'Vacaciones - Mex', '0.00', '0.00', 0, 0, 0, '2018-12-03 16:32:29', '0000-00-00 00:00:00', '0.00', 0, 1, 0),
(5, 'Valentine - Daniel Rodriguez', '21.00', '2.00', 8, 2, 2, '2018-12-01 07:00:00', '2018-12-22 07:00:00', '0.00', 0, 1, 0),
(6, 'Cook Validation Project - Gerardo Piedra', '233.00', '21.00', 7, 1, 4, '2018-12-01 07:00:00', '2018-12-26 07:00:00', '0.00', 1, 1, 0),
(7, 'BU3 Fixturizacion - Eduardo Garcia', '211213.00', '32.00', 12, 4, 6, '2018-12-01 07:00:00', '2018-12-22 07:00:00', '0.00', 1, 1, 0);

-- --------------------------------------------------------

--
-- Table structure for table `cities`
--

CREATE TABLE `cities` (
  `id` int(11) NOT NULL,
  `name` varchar(30) NOT NULL,
  `state_id` int(11) NOT NULL
) ENGINE=InnoDB DEFAULT CHARSET=latin1;

--
-- Dumping data for table `cities`
--

INSERT INTO `cities` (`id`, `name`, `state_id`) VALUES
(27566, 'Aguascalientes', 2427),
(27567, 'Asientos', 2427),
(27568, 'Calvillo', 2427),
(27569, 'Cosio', 2427),
(27570, 'Margaritas', 2427),
(27571, 'Ojocaliente', 2427),
(27572, 'Pabellon de Arteaga', 2427),
(27573, 'Pabellon de Hidalgo', 2427),
(27574, 'Palo Alto', 2427),
(27575, 'Rincon de Romos', 2427),
(27576, 'San Francisco de los Romo', 2427),
(27577, 'San Jose de Gracia', 2427),
(27578, 'Tepezala', 2427),
(27579, 'Villa Juarez', 2427),
(27580, 'Becal', 2430),
(27581, 'Bolonchen', 2430),
(27582, 'Calkini', 2430),
(27583, 'Campeche', 2430),
(27584, 'Candelaria', 2430),
(27585, 'Carmen', 2430),
(27586, 'Champoton', 2430),
(27587, 'China', 2430),
(27588, 'Dzitbalche', 2430),
(27589, 'Escarcega', 2430),
(27590, 'Hecelchakan', 2430),
(27591, 'Hopelchen', 2430),
(27592, 'Isla Aguada', 2430),
(27593, 'Nuevo Progreso', 2430),
(27594, 'Nunkini', 2430),
(27595, 'Palizada', 2430),
(27596, 'Pomuch', 2430),
(27597, 'Sabancuy', 2430),
(27598, 'Seybaplaya', 2430),
(27599, 'Tenabo', 2430),
(27600, 'Acacoyagua', 2431),
(27601, 'Acala', 2431),
(27602, 'Acapetahua', 2431),
(27603, 'Altamirano', 2431),
(27604, 'Alvaro Obregon', 2431),
(27605, 'Amatan', 2431),
(27606, 'Amatenango del Valle', 2431),
(27607, 'Arriaga', 2431),
(27608, 'Benemerito de las Americas', 2431),
(27609, 'Berriozabal', 2431),
(27610, 'Bochil', 2431),
(27611, 'Cacahoatan', 2431),
(27612, 'Cancuc', 2431),
(27613, 'Catazaja', 2431),
(27614, 'Chalchihiutan', 2431),
(27615, 'Chanal', 2431),
(27616, 'Chiapa', 2431),
(27617, 'Chiapilla', 2431),
(27618, 'Chicomuselo', 2431),
(27619, 'Chilon', 2431),
(27620, 'Cintalapa', 2431),
(27621, 'Comaltitlan', 2431),
(27622, 'Comitan', 2431),
(27623, 'Copainala', 2431),
(27624, 'Copoya', 2431),
(27625, 'Cristobal Obregon', 2431),
(27626, 'El Bosque', 2431),
(27627, 'El Parral', 2431),
(27628, 'Escuintla', 2431),
(27629, 'Frontera Comalapa', 2431),
(27630, 'Frontera Corozal', 2431),
(27631, 'Frontera Hidalgo', 2431),
(27632, 'Huehuetan', 2431),
(27633, 'Huehuetan Estacion', 2431),
(27634, 'Huixtla', 2431),
(27635, 'Ixhuatan', 2431),
(27636, 'Ixtacomitan', 2431),
(27637, 'Ixtapa', 2431),
(27638, 'Jaltenango', 2431),
(27639, 'Jesus Maria Garza', 2431),
(27640, 'Jiquipilas', 2431),
(27641, 'Jitotol', 2431),
(27642, 'Juarez', 2431),
(27643, 'La Concordia', 2431),
(27644, 'La Libertad', 2431),
(27645, 'La Trinitaria', 2431),
(27646, 'Las Margaritas', 2431),
(27647, 'Las Rosas', 2431),
(27648, 'Mapastepec', 2431),
(27649, 'Mazatan', 2431),
(27650, 'Motozintla', 2431),
(27651, 'Navenchauc', 2431),
(27652, 'Nicolas Ruiz', 2431),
(27653, 'Ocosingo', 2431),
(27654, 'Ocotepec', 2431),
(27655, 'Ocozocoautla', 2431),
(27656, 'Ostuacan', 2431),
(27657, 'Oxchuc', 2431),
(27658, 'Palenque', 2431),
(27659, 'Palestina', 2431),
(27660, 'Pantelho', 2431),
(27661, 'Paredon', 2431),
(27662, 'Petalcingo', 2431),
(27663, 'Pichucalco', 2431),
(27664, 'Pijijiapan', 2431),
(27665, 'Pueblo Nuevo Solistahuacan', 2431),
(27666, 'Puerto Madero', 2431),
(27667, 'Pujiltic', 2431),
(27668, 'Raudales Malpaso', 2431),
(27669, 'Rayon', 2431),
(27670, 'Reforma', 2431),
(27671, 'Revolucion Mexicana', 2431),
(27672, 'Rincon Chamula', 2431),
(27673, 'Salto de Agua', 2431),
(27674, 'San Cristobal de las Casas', 2431),
(27675, 'San Fernando', 2431),
(27676, 'San Lucas', 2431),
(27677, 'San Pedro Buenavista', 2431),
(27678, 'Simojovel', 2431),
(27679, 'Socoltenango', 2431),
(27680, 'Soyalo', 2431),
(27681, 'Suchiapa', 2431),
(27682, 'Suchiate', 2431),
(27683, 'Tapachula', 2431),
(27684, 'Tapilula', 2431),
(27685, 'Tecpatan', 2431),
(27686, 'Tenango', 2431),
(27687, 'Teopisca', 2431),
(27688, 'Tila', 2431),
(27689, 'Tonala', 2431),
(27690, 'Totolapa', 2431),
(27691, 'Tres Picos', 2431),
(27692, 'Tuxtla Chico', 2431),
(27693, 'Tuxtla Gutierrez', 2431),
(27694, 'Tzimol', 2431),
(27695, 'Veinte de Noviembre', 2431),
(27696, 'Venustiano Carranza', 2431),
(27697, 'Villa Corzo', 2431),
(27698, 'Villaflores', 2431),
(27699, 'Yajalon', 2431),
(27700, 'Zinacantan', 2431),
(27701, 'Adolfo Lopez Mateos', 2432),
(27702, 'Ahumada', 2432),
(27703, 'Anahuac', 2432),
(27704, 'Ascension', 2432),
(27705, 'Benito Juarez', 2432),
(27706, 'Camargo', 2432),
(27707, 'Carichi', 2432),
(27708, 'Casas Grandes', 2432),
(27709, 'Chihuahua', 2432),
(27710, 'Colonia Municipio Libre', 2432),
(27711, 'Creel', 2432),
(27712, 'Cuauhtemoc', 2432),
(27713, 'Delicias', 2432),
(27714, 'El Largo', 2432),
(27715, 'Guachochi', 2432),
(27716, 'Guadalupe', 2432),
(27717, 'Guadalupe y Calvo', 2432),
(27718, 'Hermenegildo Galeana', 2432),
(27719, 'Hidalgo', 2432),
(27720, 'Ignacio Zaragoza', 2432),
(27721, 'Jimenez', 2432),
(27722, 'Juan Aldama', 2432),
(27723, 'Juarez', 2432),
(27724, 'Lazaro Cardenas', 2432),
(27725, 'Madera', 2432),
(27726, 'Majimachi', 2432),
(27727, 'Meoqui', 2432),
(27728, 'Naica', 2432),
(27729, 'Nuevo Casas Grandes', 2432),
(27730, 'Octaviano Lopez', 2432),
(27731, 'Ojinaga', 2432),
(27732, 'Praxedis Guerrero', 2432),
(27733, 'Puerto Palomas', 2432),
(27734, 'Puerto de Anapra', 2432),
(27735, 'San Buenaventura', 2432),
(27736, 'San Francisco el Oro', 2432),
(27737, 'Santa Barbara', 2432),
(27738, 'Santa Cruz de Rosales', 2432),
(27739, 'Saucillo', 2432),
(27740, 'Valentin Gomez Farias', 2432),
(27741, 'Valle de Allende', 2432),
(27742, 'Vicente Guerrero', 2432),
(27743, 'Acuna', 2433),
(27744, 'Allende', 2433),
(27745, 'Arteaga', 2433),
(27746, 'Castanos', 2433),
(27747, 'Concordia', 2433),
(27748, 'Cuatrocienagas', 2433),
(27749, 'El Coyote', 2433),
(27750, 'Frontera', 2433),
(27751, 'General Cepeda', 2433),
(27752, 'Hercules', 2433),
(27753, 'Matamoros', 2433),
(27754, 'Minas de Barroteran', 2433),
(27755, 'Monclova', 2433),
(27756, 'Muzquiz', 2433),
(27757, 'Nadadores', 2433),
(27758, 'Nava', 2433),
(27759, 'Nueva Rosita', 2433),
(27760, 'Ocampo', 2433),
(27761, 'Palau', 2433),
(27762, 'Parras', 2433),
(27763, 'Piedras Negras', 2433),
(27764, 'Ramos Arizpe', 2433),
(27765, 'Sabinas', 2433),
(27766, 'Saltillo', 2433),
(27767, 'San Buenaventura', 2433),
(27768, 'San Pedro', 2433),
(27769, 'Torreon', 2433),
(27770, 'Venustiano Carranza', 2433),
(27771, 'Viesca', 2433),
(27772, 'Villa Madero', 2433),
(27773, 'Villa Union', 2433),
(27774, 'Zaragoza', 2433),
(27775, 'Armeria', 2434),
(27776, 'Cofradia', 2434),
(27777, 'Colima', 2434),
(27778, 'Colonia Bayardo', 2434),
(27779, 'Comala', 2434),
(27780, 'Coquimatlan', 2434),
(27781, 'Cuauhtemoc', 2434),
(27782, 'El Colomo', 2434),
(27783, 'Madrid', 2434),
(27784, 'Manzanillo', 2434),
(27785, 'Minatitlan', 2434),
(27786, 'Queseria', 2434),
(27787, 'Suchitlan', 2434),
(27788, 'Tecoman', 2434),
(27789, 'Villa de Alvarez', 2434),
(27790, 'Bermejillo', 2436),
(27791, 'Canatlan', 2436),
(27792, 'Cuencame', 2436),
(27793, 'Durango', 2436),
(27794, 'Gomez Palacio', 2436),
(27795, 'Guadalupe Victoria', 2436),
(27796, 'Juarez', 2436),
(27797, 'Lerdo', 2436),
(27798, 'Mapimi', 2436),
(27799, 'Nazareno', 2436),
(27800, 'Nazas', 2436),
(27801, 'Nombre de Dios', 2436),
(27802, 'Nuevo Ideal', 2436),
(27803, 'Ocampo', 2436),
(27804, 'Panuco', 2436),
(27805, 'Papasquiaro', 2436),
(27806, 'Penon Blanco', 2436),
(27807, 'Poanas', 2436),
(27808, 'Pueblo Nuevo', 2436),
(27809, 'Rodeo', 2436),
(27810, 'Santa Catarina de Tepehuanes', 2436),
(27811, 'Santa Clara', 2436),
(27812, 'Santa Maria del Oro', 2436),
(27813, 'Suchil', 2436),
(27814, 'Tayoltita', 2436),
(27815, 'Tlahualilo', 2436),
(27816, 'Vicente Guerrero', 2436),
(27817, 'Abasolo', 2438),
(27818, 'Acambaro', 2438),
(27819, 'Aldama', 2438),
(27820, 'Allende', 2438),
(27821, 'Antonio Rodriguez', 2438),
(27822, 'Apaseo el Alto', 2438),
(27823, 'Apaseo el Grande', 2438),
(27824, 'Celaya', 2438),
(27825, 'Centro Familiar la Soledad', 2438),
(27826, 'Cerano', 2438),
(27827, 'Cerro Gordo', 2438),
(27828, 'Colonias Nuevo Mexico', 2438),
(27829, 'Comonfort', 2438),
(27830, 'Coroneo', 2438),
(27831, 'Cortazar', 2438),
(27832, 'Cueramaro', 2438),
(27833, 'Doctor Mora', 2438),
(27834, 'Dolores Hidalgo', 2438),
(27835, 'Duarte', 2438),
(27836, 'El Sabino', 2438),
(27837, 'Escobedo', 2438),
(27838, 'Guanajuato', 2438),
(27839, 'Huanimaro', 2438),
(27840, 'Iramuco', 2438),
(27841, 'Irapuato', 2438),
(27842, 'Jaral del Progreso', 2438),
(27843, 'Jerecuaro', 2438),
(27844, 'Juventino Rosas', 2438),
(27845, 'La Aldea', 2438),
(27846, 'La Calera', 2438),
(27847, 'La Ermita', 2438),
(27848, 'La Moncada', 2438),
(27849, 'Leon', 2438),
(27850, 'Loma Pelada', 2438),
(27851, 'Manuel Doblado', 2438),
(27852, 'Maravatio', 2438),
(27853, 'Marfil', 2438),
(27854, 'Medina', 2438),
(27855, 'Mexicanos', 2438),
(27856, 'Moroleon', 2438),
(27857, 'Ocampo', 2438),
(27858, 'Octopan', 2438),
(27859, 'Pacueco', 2438),
(27860, 'Palo Verde', 2438),
(27861, 'Paracuaro', 2438),
(27862, 'Penjamo', 2438),
(27863, 'Plan de Ayala', 2438),
(27864, 'Pueblo Nuevo', 2438),
(27865, 'Purisima de Bustos', 2438),
(27866, 'Rincon de Tamayo', 2438),
(27867, 'Romita', 2438),
(27868, 'Salamanca', 2438),
(27869, 'Salvatierra', 2438),
(27870, 'San Bartolo de Berrios', 2438),
(27871, 'San Cristobal', 2438),
(27872, 'San Diego de la Union', 2438),
(27873, 'San Felipe', 2438),
(27874, 'San Francisco del Rincon', 2438),
(27875, 'San Jose Agua Azul', 2438),
(27876, 'San Jose Iturbide', 2438),
(27877, 'San Jose Temascatio', 2438),
(27878, 'San Juan de la Vega', 2438),
(27879, 'San Luis de la Paz', 2438),
(27880, 'San Nicolas de los Agustinos', 2438),
(27881, 'San Pedro de los Naranjos', 2438),
(27882, 'San Roque', 2438),
(27883, 'Santa Teresa', 2438),
(27884, 'Santiago de Cuenda', 2438),
(27885, 'Sarabia', 2438),
(27886, 'Silao', 2438),
(27887, 'Tarandacuao', 2438),
(27888, 'Tarimoro', 2438),
(27889, 'Teneria del Santuario', 2438),
(27890, 'Uriangato', 2438),
(27891, 'Urireo', 2438),
(27892, 'Valle de Santiago', 2438),
(27893, 'Valtierrilla', 2438),
(27894, 'Victoria', 2438),
(27895, 'Villagran', 2438),
(27896, 'Villas de Irapuato', 2438),
(27897, 'Yerbabuena', 2438),
(27898, 'Yuriria', 2438),
(27899, 'Acamixtla', 2439),
(27900, 'Acapulco', 2439),
(27901, 'Acatlan', 2439),
(27902, 'Ajuchitlan', 2439),
(27903, 'Alpoyeca', 2439),
(27904, 'Altamirano', 2439),
(27905, 'Apango', 2439),
(27906, 'Apaxtla', 2439),
(27907, 'Arcelia', 2439),
(27908, 'Atliaca', 2439),
(27909, 'Atoyac', 2439),
(27910, 'Ayutla', 2439),
(27911, 'Azoyu', 2439),
(27912, 'Bajos de Ejido', 2439),
(27913, 'Buenavista', 2439),
(27914, 'Chichihualco', 2439),
(27915, 'Chilapa', 2439),
(27916, 'Chilpancingo', 2439),
(27917, 'Coacoyul', 2439),
(27918, 'Cocula', 2439),
(27919, 'Copala', 2439),
(27920, 'Copalillo', 2439),
(27921, 'Coyuca', 2439),
(27922, 'Cruz Grande', 2439),
(27923, 'Cuajinicuilapa', 2439),
(27924, 'Cuautepec', 2439),
(27925, 'Cutzamala', 2439),
(27926, 'El Ocotito', 2439),
(27927, 'El Paraiso', 2439),
(27928, 'El Suchil', 2439),
(27929, 'Huamuxtitlan', 2439),
(27930, 'Huitziltepec', 2439),
(27931, 'Huitzuco', 2439),
(27932, 'Iguala', 2439),
(27933, 'Ixtapa', 2439),
(27934, 'Kilometro Treinta', 2439),
(27935, 'La Loma', 2439),
(27936, 'La Union', 2439),
(27937, 'Las Petaquillas', 2439),
(27938, 'Las Vigas', 2439),
(27939, 'Marquelia', 2439),
(27940, 'Mazatlan', 2439),
(27941, 'Mochitlan', 2439),
(27942, 'Olinala', 2439),
(27943, 'Ometepec', 2439),
(27944, 'Petatlan', 2439),
(27945, 'Pilcaya', 2439),
(27946, 'Quechultenango', 2439),
(27947, 'San Jeronimito', 2439),
(27948, 'San Jeronimo', 2439),
(27949, 'San Jose Ixtapa', 2439),
(27950, 'San Luis San Pedro', 2439),
(27951, 'San Marcos', 2439),
(27952, 'Taxco', 2439),
(27953, 'Taxco de Alarcon', 2439),
(27954, 'Tecoanapa', 2439),
(27955, 'Tecpan', 2439),
(27956, 'Teloloapan', 2439),
(27957, 'Tepecoacuilco', 2439),
(27958, 'Tierra Colorada', 2439),
(27959, 'Tixtla', 2439),
(27960, 'Tlacoachistlahuaca', 2439),
(27961, 'Tlacotepec', 2439),
(27962, 'Tlalchapa', 2439),
(27963, 'Tlamacazapa', 2439),
(27964, 'Tlapa', 2439),
(27965, 'Tlapehuala', 2439),
(27966, 'Totolapan', 2439),
(27967, 'Tres Palos', 2439),
(27968, 'Xalpatlahuac', 2439),
(27969, 'Xaltianguis', 2439),
(27970, 'Xochihuehuetlan', 2439),
(27971, 'Xochistlahuaca', 2439),
(27972, 'Zacualpan', 2439),
(27973, 'Zihuatanejo', 2439),
(27974, 'Zirandaro', 2439),
(27975, 'Zitlala', 2439),
(27976, 'Zumpango', 2439),
(27977, 'Acaxochitlan', 2440),
(27978, 'Acayuca', 2440),
(27979, 'Actopan', 2440),
(27980, 'Ajacuba', 2440),
(27981, 'Almoloya', 2440),
(27982, 'Apan', 2440),
(27983, 'Atengo', 2440),
(27984, 'Atitalaquia', 2440),
(27985, 'Atotonilco de Tula', 2440),
(27986, 'Atotonilco el Grande', 2440),
(27987, 'Calnali', 2440),
(27988, 'Cardonal', 2440),
(27989, 'Chapulhuacan', 2440),
(27990, 'Cuautepec', 2440),
(27991, 'Doxey', 2440),
(27992, 'El Arenal', 2440),
(27993, 'El Llano', 2440),
(27994, 'El Rosario', 2440),
(27995, 'Emiliano Zapata', 2440),
(27996, 'Huautla', 2440),
(27997, 'Huejutla', 2440),
(27998, 'Hueytlalpan', 2440),
(27999, 'Huichapan', 2440),
(28000, 'Ixmiquilpan', 2440),
(28001, 'Jacala', 2440),
(28002, 'Jaltocan', 2440),
(28003, 'Los Reyes', 2440),
(28004, 'Mineral del Monte', 2440),
(28005, 'Mixquiahuala', 2440),
(28006, 'Molango', 2440),
(28007, 'Orizatlan', 2440),
(28008, 'Pachuca', 2440),
(28009, 'Pachuquilla', 2440),
(28010, 'Progreso', 2440),
(28011, 'Sahagun', 2440),
(28012, 'San Ildefonso', 2440),
(28013, 'San Juan Tepa', 2440),
(28014, 'San Marcos', 2440),
(28015, 'Singuilucan', 2440),
(28016, 'Tasquillo', 2440),
(28017, 'Tecozautla', 2440),
(28018, 'Tepatepec', 2440),
(28019, 'Tepeapulco', 2440),
(28020, 'Tepeji', 2440),
(28021, 'Tepepa', 2440),
(28022, 'Tetepango', 2440),
(28023, 'Tezontepec', 2440),
(28024, 'Tizayuca', 2440),
(28025, 'Tlahuelilpan', 2440),
(28026, 'Tlanalapa', 2440),
(28027, 'Tlanchinol', 2440),
(28028, 'Tlaxcoapan', 2440),
(28029, 'Tlaxiaca', 2440),
(28030, 'Tolcayuca', 2440),
(28031, 'Tula de Allende', 2440),
(28032, 'Tulancingo', 2440),
(28033, 'Tulantepec', 2440),
(28034, 'Vindho', 2440),
(28035, 'Zacualtipan', 2440),
(28036, 'Zapotlan', 2440),
(28037, 'Zempoala', 2440),
(28038, 'Zimapan', 2440),
(28039, 'Acatic', 2441),
(28040, 'Acatlan', 2441),
(28041, 'Ahualulco', 2441),
(28042, 'Ajijic', 2441),
(28043, 'Alejandria', 2441),
(28044, 'Amatitan', 2441),
(28045, 'Ameca', 2441),
(28046, 'Antonio Escobedo', 2441),
(28047, 'Arandas', 2441),
(28048, 'Atemajac', 2441),
(28049, 'Atequiza', 2441),
(28050, 'Atotonilco el Alto', 2441),
(28051, 'Atotonilquillo', 2441),
(28052, 'Atoyac', 2441),
(28053, 'Autlan', 2441),
(28054, 'Ayotlan', 2441),
(28055, 'Ayutla', 2441),
(28056, 'Bellavista', 2441),
(28057, 'Cajititlan', 2441),
(28058, 'Capilla de Guadalupe', 2441),
(28059, 'Casimiro Castillo', 2441),
(28060, 'Centro de Readaptacion Social', 2441),
(28061, 'Chapala', 2441),
(28062, 'Chiquilistlan', 2441),
(28063, 'Cihuatlan', 2441),
(28064, 'Cocula', 2441),
(28065, 'Colotlan', 2441),
(28066, 'Concepcion de Buenos Aires', 2441),
(28067, 'Cosala', 2441),
(28068, 'Coyula', 2441),
(28069, 'Cuitzeo', 2441),
(28070, 'Cuqio', 2441),
(28071, 'Cuyutlan', 2441),
(28072, 'Degollado', 2441),
(28073, 'El Arenal', 2441),
(28074, 'El Grullo', 2441),
(28075, 'El Limon', 2441),
(28076, 'El Quince', 2441),
(28077, 'El Refugio', 2441),
(28078, 'El Salto', 2441),
(28079, 'El Verde', 2441),
(28080, 'Encarnacion', 2441),
(28081, 'Etzatlan', 2441),
(28082, 'Guadalajara', 2441),
(28083, 'Guzman', 2441),
(28084, 'Hidalgo', 2441),
(28085, 'Hostotipaquillo', 2441),
(28086, 'Huejucar', 2441),
(28087, 'Huejuquilla el Alto', 2441),
(28088, 'Itzican', 2441),
(28089, 'Ixtapa', 2441),
(28090, 'Ixtlahuacan de los Membrillos', 2441),
(28091, 'Ixtlahuacan del Rio', 2441),
(28092, 'Ixtlan', 2441),
(28093, 'Jalostotitlan', 2441),
(28094, 'Jamay', 2441),
(28095, 'Jesus Maria', 2441),
(28096, 'Jocotepec', 2441),
(28097, 'Juanacatlan', 2441),
(28098, 'Juchitlan', 2441),
(28099, 'La Barca', 2441),
(28100, 'La Huerta', 2441),
(28101, 'La Ribera', 2441),
(28102, 'La Tijera', 2441),
(28103, 'La Venta del Astillero', 2441),
(28104, 'Lagos de Moreno', 2441),
(28105, 'Las Juntas', 2441),
(28106, 'Las Pintas', 2441),
(28107, 'Las Pintitas', 2441),
(28108, 'Lo Arado', 2441),
(28109, 'Magdalena', 2441),
(28110, 'Mascota', 2441),
(28111, 'Mazamitla', 2441),
(28112, 'Mexticacan', 2441),
(28113, 'Mezcala', 2441),
(28114, 'Nuevo Mexico', 2441),
(28115, 'Ocotlan', 2441),
(28116, 'Ojuelos de Jalisco', 2441),
(28117, 'Pihuamo', 2441),
(28118, 'Poncitlan', 2441),
(28119, 'Puente Grande', 2441),
(28120, 'Puerto Vallarta', 2441),
(28121, 'Purificacion', 2441),
(28122, 'San Agustin', 2441),
(28123, 'San Francisco de Asis', 2441),
(28124, 'San Gabriel', 2441),
(28125, 'San Jose de Gracia', 2441),
(28126, 'San Jose del Castillo', 2441),
(28127, 'San Juan de los Lagos', 2441),
(28128, 'San Julian', 2441),
(28129, 'San Marcos', 2441),
(28130, 'San Martin de Hidalgo', 2441),
(28131, 'San Miguel el Alto', 2441),
(28132, 'San Patricio', 2441),
(28133, 'San Sebastian del Sur', 2441),
(28134, 'San Sebastian el Grande', 2441),
(28135, 'Santa Anita', 2441),
(28136, 'Santa Cruz de las Flores', 2441),
(28137, 'Santa Cruz del Valle', 2441),
(28138, 'Sayula', 2441),
(28139, 'Tala', 2441),
(28140, 'Talpa', 2441),
(28141, 'Tamazula', 2441),
(28142, 'Tapalpa', 2441),
(28143, 'Tecalitlan', 2441),
(28144, 'Tecolotlan', 2441),
(28145, 'Tenamaxtlan', 2441),
(28146, 'Teocaltiche', 2441),
(28147, 'Teocuitatlan de Corona', 2441),
(28148, 'Tepatitlan', 2441),
(28149, 'Tequila', 2441),
(28150, 'Tesistan', 2441),
(28151, 'Teuchitlan', 2441),
(28152, 'Tizapan el Alto', 2441),
(28153, 'Tlajomulco', 2441),
(28154, 'Tlaquepaque', 2441),
(28155, 'Tomatlan', 2441),
(28156, 'Tonala', 2441),
(28157, 'Tonaya', 2441),
(28158, 'Tonila', 2441),
(28159, 'Tototlan', 2441),
(28160, 'Tuxpan', 2441),
(28161, 'Union de San Antonio', 2441),
(28162, 'Union de Tula', 2441),
(28163, 'Usmajac', 2441),
(28164, 'Valle de Guadalupe', 2441),
(28165, 'Valle de Juarez', 2441),
(28166, 'Villa Corona', 2441),
(28167, 'Villa Guerrero', 2441),
(28168, 'Yahualica', 2441),
(28169, 'Zacoalco', 2441),
(28170, 'Zapopan', 2441),
(28171, 'Zapote', 2441),
(28172, 'Zapotiltic', 2441),
(28173, 'Zapotlanejo', 2441),
(28174, 'Acahualco', 2442),
(28175, 'Acambay', 2442),
(28176, 'Acazulco', 2442),
(28177, 'Acolman', 2442),
(28178, 'Acuautla', 2442),
(28179, 'Acutzilapan', 2442),
(28180, 'Ajoloapan', 2442),
(28181, 'Alborada', 2442),
(28182, 'Almaya', 2442),
(28183, 'Almoloya', 2442),
(28184, 'Almoloya del Rio', 2442),
(28185, 'Amanalco', 2442),
(28186, 'Amecameca', 2442),
(28187, 'Ameyalco', 2442),
(28188, 'Apaxco', 2442),
(28189, 'Atarasquillo', 2442),
(28190, 'Atenco', 2442),
(28191, 'Atizapan', 2442),
(28192, 'Atlacomulco', 2442),
(28193, 'Atlatlahuca', 2442),
(28194, 'Atlatongo', 2442),
(28195, 'Atlautla', 2442),
(28196, 'Atlazalpan', 2442),
(28197, 'Autopan', 2442),
(28198, 'Axapusco', 2442),
(28199, 'Ayotuzco', 2442),
(28200, 'Ayotzingo', 2442),
(28201, 'Azcatepec', 2442),
(28202, 'Balderas', 2442),
(28203, 'Bocanegra', 2442),
(28204, 'Boreje', 2442),
(28205, 'Buenavista', 2442),
(28206, 'Cacalomacan', 2442),
(28207, 'Cahuacan', 2442),
(28208, 'Calimaya', 2442),
(28209, 'Calixtlahuaca', 2442),
(28210, 'Capulhuac', 2442),
(28211, 'Carbon', 2442),
(28212, 'Cautzingo', 2442),
(28213, 'Chalco', 2442),
(28214, 'Chapultepec', 2442),
(28215, 'Chiautla', 2442),
(28216, 'Chicoloapan', 2442),
(28217, 'Chiconautla', 2442),
(28218, 'Chiconcuac', 2442),
(28219, 'Chimalhuacan', 2442),
(28220, 'Chimalpa', 2442),
(28221, 'Cholula', 2442),
(28222, 'Citendeje', 2442),
(28223, 'Coacalco', 2442),
(28224, 'Coachochitlan', 2442),
(28225, 'Coacomulco', 2442),
(28226, 'Coapango', 2442),
(28227, 'Coatepec', 2442),
(28228, 'Coatepec Harinas', 2442),
(28229, 'Coatlinchan', 2442),
(28230, 'Cocotitlan', 2442),
(28231, 'Colorines', 2442),
(28232, 'Concepcion Jolalpan', 2442),
(28233, 'Coyotepec', 2442),
(28234, 'Cuauhtemoc', 2442),
(28235, 'Cuauhtenco', 2442),
(28236, 'Cuautitlan', 2442),
(28237, 'Cuautitlan Izcalli', 2442),
(28238, 'Cuautlalpan', 2442),
(28239, 'Cuaxustenco', 2442),
(28240, 'Cuexontitlan', 2442),
(28241, 'Cuijingo', 2442),
(28242, 'Ecatepec', 2442),
(28243, 'Ecatzingo', 2442),
(28244, 'Ejido Cahuacan', 2442),
(28245, 'Ejido Veinte de Noviembre la C', 2442),
(28246, 'Ejido de la Y Seccion Siete a ', 2442),
(28247, 'El Coporo', 2442),
(28248, 'El Oro', 2442),
(28249, 'Enchisi', 2442),
(28250, 'Enthavi', 2442),
(28251, 'Fuentes del Valle', 2442),
(28252, 'Huehuetoca', 2442),
(28253, 'Huexoculco', 2442),
(28254, 'Hueypoxtla', 2442),
(28255, 'Huilango', 2442),
(28256, 'Huitzilzingo', 2442),
(28257, 'Huixquilucan', 2442),
(28258, 'Huixquilucan de Degollado', 2442),
(28259, 'Huixtoco', 2442),
(28260, 'Ixlahuaca', 2442),
(28261, 'Ixtacalco', 2442),
(28262, 'Ixtapaluca', 2442),
(28263, 'Ixtapan', 2442),
(28264, 'Ixtlahuatzingo', 2442),
(28265, 'Jajalpa', 2442),
(28266, 'Jaltenco', 2442),
(28267, 'Jaltepec', 2442),
(28268, 'Jesus del Monte', 2442),
(28269, 'Jicaltepec Autopan', 2442),
(28270, 'Jilotepec', 2442),
(28271, 'Jilotzingo', 2442),
(28272, 'Jocotitlan', 2442),
(28273, 'Joquicingo', 2442),
(28274, 'Jorge Jimenez Cantu', 2442),
(28275, 'Juchitepec', 2442),
(28276, 'La Concepcion los Banos', 2442),
(28277, 'La Constitucion', 2442),
(28278, 'La Magdalema', 2442),
(28279, 'Lerma', 2442),
(28280, 'Loma de Juarez', 2442),
(28281, 'Lomas de Zacamulpa', 2442),
(28282, 'Lopez Mateos', 2442),
(28283, 'Los Esparragos', 2442),
(28284, 'Los Reyes', 2442),
(28285, 'Los Reyes Acozac', 2442),
(28286, 'Luvianos', 2442),
(28287, 'Malinalco', 2442),
(28288, 'Melchor Ocampo', 2442),
(28289, 'Metepec', 2442),
(28290, 'Mexicaltzingo', 2442),
(28291, 'Mextepec', 2442),
(28292, 'Montecillo', 2442),
(28293, 'Nativitas', 2442),
(28294, 'Naucalpan', 2442),
(28295, 'Nexquipayac', 2442),
(28296, 'Nextlalpan', 2442),
(28297, 'Nezahualcoyotl', 2442),
(28298, 'Nicolas Romero', 2442),
(28299, 'Nopaltepec', 2442),
(28300, 'Ocotitlan', 2442),
(28301, 'Ocotlan', 2442),
(28302, 'Ocoyoacac', 2442),
(28303, 'Ojo de Agua', 2442),
(28304, 'Otumba', 2442),
(28305, 'Otzacatipan', 2442),
(28306, 'Oyamel', 2442),
(28307, 'Oztolotepec', 2442),
(28308, 'Ozumba', 2442),
(28309, 'Papalotla', 2442),
(28310, 'Progreso Industrial', 2442),
(28311, 'Pueblo Nuevo', 2442),
(28312, 'Rayon', 2442),
(28313, 'Rio Frio', 2442),
(28314, 'Salitrillo', 2442),
(28315, 'San Antonio Buenavista', 2442),
(28316, 'San Antonio La Isla', 2442),
(28317, 'San Bartolo', 2442),
(28318, 'San Bartolo del Llano', 2442),
(28319, 'San Bernardino', 2442),
(28320, 'San Buenaventura', 2442),
(28321, 'San Felipe del Progreso', 2442),
(28322, 'San Jeronimo', 2442),
(28323, 'San Jose Guadalupe', 2442),
(28324, 'San Jose el Vidrio', 2442),
(28325, 'San Juan Tilapa', 2442),
(28326, 'San Juan de las Huertas', 2442),
(28327, 'San Juan y San Pedro Tezompa', 2442),
(28328, 'San Lorenzo Cuauhtenco', 2442),
(28329, 'San Martin de las Piramides', 2442),
(28330, 'San Miguel la Labor', 2442),
(28331, 'San Nicolas Guadalupe', 2442),
(28332, 'San Nicolas Tolentino', 2442),
(28333, 'San Pablo de las Salinas', 2442),
(28334, 'San Pedro Abajo', 2442),
(28335, 'San Pedro Arriba', 2442),
(28336, 'San Pedro el Alto', 2442),
(28337, 'San Pedro los Banos', 2442),
(28338, 'San Simon de la Laguna', 2442),
(28339, 'Santa Catarina del Monte', 2442),
(28340, 'Santa Cruz del Monte', 2442),
(28341, 'Santa Gertrudis', 2442),
(28342, 'Santa Maria del Monte', 2442),
(28343, 'Santo Domingo de Guzman', 2442),
(28344, 'Soyaniquilpan', 2442),
(28345, 'Sultepec', 2442),
(28346, 'Tecalco', 2442),
(28347, 'Tecamac', 2442),
(28348, 'Techuchulco', 2442),
(28349, 'Tecuahutitlan', 2442),
(28350, 'Tehuixtitlan', 2442),
(28351, 'Tejupilco', 2442),
(28352, 'Temamatla', 2442),
(28353, 'Temascalapa', 2442),
(28354, 'Temascalcingo', 2442),
(28355, 'Temoaya', 2442),
(28356, 'Tenancingo', 2442),
(28357, 'Tenango de Arista', 2442),
(28358, 'Tenango del Aire', 2442),
(28359, 'Tenochtitlan', 2442),
(28360, 'Teoloyucan', 2442),
(28361, 'Teotihuacan', 2442),
(28362, 'Tepeolulco', 2442),
(28363, 'Tepetitlan', 2442),
(28364, 'Tepetlaoxtoc', 2442),
(28365, 'Tepetlixpa', 2442),
(28366, 'Tepexpan', 2442),
(28367, 'Tepotzotlan', 2442),
(28368, 'Tequexquinahuac', 2442),
(28369, 'Tequisistlan', 2442),
(28370, 'Tequixquiac', 2442),
(28371, 'Texcalyacac', 2442),
(28372, 'Texcoco', 2442),
(28373, 'Teyahualco', 2442),
(28374, 'Tezoquipan', 2442),
(28375, 'Tezoyuca', 2442),
(28376, 'Tianguistenco', 2442),
(28377, 'Tilapa', 2442),
(28378, 'Tlachaloya Segunda Seccion', 2442),
(28379, 'Tlachihualpa', 2442),
(28380, 'Tlacotepec', 2442),
(28381, 'Tlahuelilpan', 2442),
(28382, 'Tlaixpan', 2442),
(28383, 'Tlalcilalcalli', 2442),
(28384, 'Tlalcilalcalpan', 2442),
(28385, 'Tlalmanalco', 2442),
(28386, 'Tlalmimilolpan', 2442),
(28387, 'Tlalnepantla', 2442),
(28388, 'Tlaltelulco', 2442),
(28389, 'Tlaltizapan', 2442),
(28390, 'Tlanisco', 2442),
(28391, 'Toluca', 2442),
(28392, 'Tonanitla', 2442),
(28393, 'Tonatico', 2442),
(28394, 'Totocuitlapilco', 2442),
(28395, 'Totoltepec', 2442),
(28396, 'Tulantongo', 2442),
(28397, 'Tultepec', 2442),
(28398, 'Tultitlan', 2442),
(28399, 'Valle de Bravo', 2442),
(28400, 'Victoria', 2442),
(28401, 'Villa Guerrero', 2442),
(28402, 'Vista Hermosa', 2442),
(28403, 'Xalatlaco', 2442),
(28404, 'Xalpa', 2442),
(28405, 'Xico', 2442),
(28406, 'Xochimanca', 2442),
(28407, 'Xolalpa', 2442),
(28408, 'Xoloc', 2442),
(28409, 'Xometla', 2442),
(28410, 'Xonacatlan', 2442),
(28411, 'Yachihuacaltepec', 2442),
(28412, 'Yancuitlalpan', 2442),
(28413, 'Zacacalco', 2442),
(28414, 'Zacamulpa', 2442),
(28415, 'Zacualpan', 2442),
(28416, 'Zaragoza', 2442),
(28417, 'Zictepec', 2442),
(28418, 'Zinacantepec', 2442),
(28419, 'Zolotepec', 2442),
(28420, 'Zumpahuacan', 2442),
(28421, 'Zumpango', 2442),
(28422, 'Acuitzio', 2443),
(28423, 'Aguililla', 2443),
(28424, 'Alvaro Obregon', 2443),
(28425, 'Angahuan', 2443),
(28426, 'Angamacutiro', 2443),
(28427, 'Angangueo', 2443),
(28428, 'Antunez', 2443),
(28429, 'Apatzingan', 2443),
(28430, 'Ario', 2443),
(28431, 'Arteaga', 2443),
(28432, 'Benito Juarez', 2443),
(28433, 'Brisenas', 2443),
(28434, 'Buenavista', 2443),
(28435, 'Buenos Aires', 2443),
(28436, 'Caltzontzin', 2443),
(28437, 'Capacuaro', 2443),
(28438, 'Capula', 2443),
(28439, 'Caracuaro', 2443),
(28440, 'Charapan', 2443),
(28441, 'Charo', 2443),
(28442, 'Chavinda', 2443),
(28443, 'Cheran', 2443),
(28444, 'Chilchota', 2443),
(28445, 'Churintzio', 2443),
(28446, 'Churumuco', 2443),
(28447, 'Coahuayana', 2443),
(28448, 'Coalcoman', 2443),
(28449, 'Coeneo', 2443),
(28450, 'Cojumatlan', 2443),
(28451, 'Comachuen', 2443),
(28452, 'Contepec', 2443),
(28453, 'Copandaro', 2443),
(28454, 'Cotija', 2443),
(28455, 'Cuanajo', 2443),
(28456, 'Cuitareo', 2443),
(28457, 'Cuitzeo', 2443),
(28458, 'Ecuandureo', 2443),
(28459, 'Hidalgo', 2443),
(28460, 'Huandacareo', 2443),
(28461, 'Huetamo', 2443),
(28462, 'Indaparapeo', 2443),
(28463, 'Irimbo', 2443),
(28464, 'Ixtlan', 2443),
(28465, 'Jacona', 2443),
(28466, 'Jiquilpan', 2443),
(28467, 'Jungapeo', 2443),
(28468, 'La Huacana', 2443),
(28469, 'La Mira', 2443),
(28470, 'La Orilla', 2443),
(28471, 'La Piedad', 2443),
(28472, 'La Ruana', 2443),
(28473, 'Las Guacamayas', 2443),
(28474, 'Lazaro Cardenas', 2443),
(28475, 'Lombardia', 2443),
(28476, 'Los Reyes', 2443),
(28477, 'Madero', 2443),
(28478, 'Maravatio', 2443),
(28479, 'Maya', 2443),
(28480, 'Morelia', 2443),
(28481, 'Morelos', 2443),
(28482, 'Nahuatzen', 2443),
(28483, 'Nocupetaro', 2443),
(28484, 'Nueva Italia de Ruiz', 2443),
(28485, 'Nuevo San Juan Parangaricutiro', 2443),
(28486, 'Numaran', 2443),
(28487, 'Ocampo', 2443),
(28488, 'Opopeo', 2443),
(28489, 'Pajacuaran', 2443),
(28490, 'Panindicuaro', 2443),
(28491, 'Paracho', 2443),
(28492, 'Paracuaro', 2443),
(28493, 'Pastor Ortiz', 2443),
(28494, 'Patzcuaro', 2443),
(28495, 'Pedernales', 2443),
(28496, 'Penjamillo', 2443),
(28497, 'Periban', 2443),
(28498, 'Pichataro', 2443),
(28499, 'Purepero', 2443),
(28500, 'Puruandiro', 2443),
(28501, 'Puruaran', 2443),
(28502, 'Querendaro', 2443),
(28503, 'Quiroga', 2443),
(28504, 'Rincon de Nicolas Romero', 2443),
(28505, 'Riva Palacio', 2443),
(28506, 'Sahuayo', 2443),
(28507, 'San Jose de Gracia', 2443),
(28508, 'San Lucas', 2443),
(28509, 'San Matias Grande', 2443),
(28510, 'Santa Clara de Valladares', 2443),
(28511, 'Santa Clara del Cobre', 2443),
(28512, 'Santa Fe de la Laguna', 2443),
(28513, 'Tacambaro', 2443),
(28514, 'Tancitaro', 2443),
(28515, 'Tangamandapio', 2443),
(28516, 'Tangancicuaro', 2443),
(28517, 'Tanhuato', 2443),
(28518, 'Tarecuato', 2443),
(28519, 'Taretan', 2443),
(28520, 'Tarimbaro', 2443),
(28521, 'Tejaro', 2443),
(28522, 'Tepalcatepec', 2443),
(28523, 'Tingambato', 2443),
(28524, 'Tinguindin', 2443),
(28525, 'Tiquicheo', 2443),
(28526, 'Tlalpujahua', 2443),
(28527, 'Tlazazalca', 2443),
(28528, 'Tungareo', 2443),
(28529, 'Tuxpan', 2443),
(28530, 'Tzintzuntzan', 2443),
(28531, 'Uruapan', 2443),
(28532, 'Venustiano Carranza', 2443),
(28533, 'Villa Jimenez', 2443),
(28534, 'Villachuato', 2443),
(28535, 'Villamar', 2443),
(28536, 'Vista Hermosa', 2443),
(28537, 'Yurecuaro', 2443),
(28538, 'Zacapu', 2443),
(28539, 'Zamora', 2443),
(28540, 'Zinapecuaro', 2443),
(28541, 'Zitacuaro', 2443),
(28542, 'Alpuyeca', 2444),
(28543, 'Amacuzac', 2444),
(28544, 'Amayuca', 2444),
(28545, 'Anenecuilco', 2444),
(28546, 'Apatlaco', 2444),
(28547, 'Atlatlahucan', 2444),
(28548, 'Axochiapan', 2444),
(28549, 'Ayala', 2444),
(28550, 'Calera Chica', 2444),
(28551, 'Chiconcuac', 2444),
(28552, 'Coatetelco', 2444),
(28553, 'Cocoyoc', 2444),
(28554, 'Cuautla', 2444),
(28555, 'Cuernavaca', 2444),
(28556, 'Emiliano Zapata', 2444),
(28557, 'Higueron', 2444),
(28558, 'Hueyapan', 2444),
(28559, 'Huiztilac', 2444),
(28560, 'Independencia', 2444),
(28561, 'Jantetelco', 2444),
(28562, 'Jiutepec', 2444),
(28563, 'Jojutla', 2444),
(28564, 'Jonacatepec', 2444),
(28565, 'Juan Morales', 2444),
(28566, 'La Joya', 2444),
(28567, 'Los Arcos', 2444),
(28568, 'Mazatepec', 2444),
(28569, 'Miacatlan', 2444),
(28570, 'Oaxtepec', 2444),
(28571, 'Ocuituco', 2444),
(28572, 'Pedro Amaro', 2444),
(28573, 'Progreso', 2444),
(28574, 'Puente de Ixtla', 2444),
(28575, 'San Jose Vista Hermosa', 2444),
(28576, 'San Nicolas Galeana', 2444),
(28577, 'Santa Catarina', 2444),
(28578, 'Santa Rosa Treinta', 2444),
(28579, 'Tehuixtla', 2444),
(28580, 'Telixtac', 2444),
(28581, 'Temixco', 2444),
(28582, 'Temoac', 2444),
(28583, 'Tenextepango', 2444),
(28584, 'Tepalcingo', 2444),
(28585, 'Tepoztlan', 2444),
(28586, 'Tetecala', 2444),
(28587, 'Tetela del Volcan', 2444),
(28588, 'Tilzapotla', 2444),
(28589, 'Tlacotepec', 2444),
(28590, 'Tlalnepantla', 2444),
(28591, 'Tlaltizapan', 2444),
(28592, 'Tlaquiltenango', 2444),
(28593, 'Tlatenchi', 2444),
(28594, 'Tlayacapan', 2444),
(28595, 'Totolapan', 2444),
(28596, 'Tres Marias', 2444),
(28597, 'Unidad Habitacional Jose Maria', 2444),
(28598, 'Xochitepec', 2444),
(28599, 'Xoxocotla', 2444),
(28600, 'Yautepec', 2444),
(28601, 'Yecapixtla', 2444),
(28602, 'Zacatepec', 2444),
(28603, 'Zacualpan', 2444),
(28604, 'Acaponeta', 2445),
(28605, 'Ahuacatlan', 2445),
(28606, 'Amatlan', 2445),
(28607, 'Aztatan', 2445),
(28608, 'Bucerias', 2445),
(28609, 'Carmen', 2445),
(28610, 'Cerralvo', 2445),
(28611, 'Compostela', 2445),
(28612, 'Hidalgo', 2445),
(28613, 'Ixcuintla', 2445),
(28614, 'Ixtlan del Rio', 2445),
(28615, 'Jala', 2445),
(28616, 'Jalcocotan', 2445),
(28617, 'La Penita de Jaltemba', 2445),
(28618, 'La Presa', 2445),
(28619, 'Lagunillas', 2445),
(28620, 'Las Jarretaderas', 2445),
(28621, 'Las Varas', 2445),
(28622, 'Puga', 2445),
(28623, 'Rosamorada', 2445),
(28624, 'Ruiz', 2445),
(28625, 'San Blas', 2445),
(28626, 'San Jose del Valle', 2445),
(28627, 'San Juan de Abajo', 2445),
(28628, 'San Vicente', 2445),
(28629, 'Santa Maria del Oro', 2445),
(28630, 'Tecuala', 2445),
(28631, 'Tepic', 2445),
(28632, 'Tuxpan', 2445),
(28633, 'Valle de Banderas', 2445),
(28634, 'Xalisco', 2445),
(28635, 'Yago', 2445),
(28636, 'Zacualpan', 2445),
(28637, 'Acatlan', 2447),
(28638, 'Amatlan', 2447),
(28639, 'Amilpas', 2447),
(28640, 'Amuzgos', 2447),
(28641, 'Asuncion Ixtaltepec', 2447),
(28642, 'Asuncion Nochixtlan', 2447),
(28643, 'Asuncion Ocotlan', 2447),
(28644, 'Atempa', 2447),
(28645, 'Atzompa', 2447),
(28646, 'Ayautla', 2447),
(28647, 'Ayoquezco', 2447),
(28648, 'Ayotzintepec', 2447),
(28649, 'Bajos de Chila', 2447),
(28650, 'Brisas de Zicatela', 2447),
(28651, 'Cacahuatepec', 2447),
(28652, 'Cacaotepec', 2447),
(28653, 'Chahuites', 2447),
(28654, 'Chichicapam', 2447),
(28655, 'Chiltepec', 2447),
(28656, 'Cienaga de Zimatlan', 2447),
(28657, 'Coatlan', 2447),
(28658, 'Comitancillo', 2447),
(28659, 'Cosolapa', 2447),
(28660, 'Coyotepec', 2447),
(28661, 'Crucecita', 2447),
(28662, 'Cuicatlan', 2447),
(28663, 'Cuilapam', 2447),
(28664, 'Ejutla de Crespo', 2447),
(28665, 'El Espinal', 2447),
(28666, 'Etla', 2447),
(28667, 'Fraccionamiento el Rosario', 2447),
(28668, 'Guelavia', 2447),
(28669, 'Guichicovi', 2447),
(28670, 'Huajuapan', 2447),
(28671, 'Huatulco', 2447),
(28672, 'Huautla', 2447),
(28673, 'Huaxpaltepec', 2447),
(28674, 'Huayapam', 2447),
(28675, 'Huazolotitlan', 2447),
(28676, 'Huitzo', 2447),
(28677, 'Huixtepec', 2447),
(28678, 'Ingenio', 2447),
(28679, 'Ixcatlan', 2447),
(28680, 'Ixhuatan', 2447),
(28681, 'Ixtepec', 2447),
(28682, 'Jalapa', 2447),
(28683, 'Jamiltepec', 2447),
(28684, 'Jicayan', 2447),
(28685, 'Juchitan', 2447),
(28686, 'Juquila', 2447),
(28687, 'Juxtlahuaca', 2447),
(28688, 'Loma Bonita', 2447),
(28689, 'Magdalena Teitipac', 2447),
(28690, 'Magdalena Tequisistlan', 2447),
(28691, 'Matatlan', 2447),
(28692, 'Matias Romero', 2447),
(28693, 'Mechoacan', 2447),
(28694, 'Miahuatlan', 2447),
(28695, 'Mitla', 2447),
(28696, 'Mixtepec', 2447),
(28697, 'Mixtequilla', 2447),
(28698, 'Nazareno Etla', 2447),
(28699, 'Niltepec', 2447),
(28700, 'Oaxaca', 2447),
(28701, 'Ocotepec', 2447),
(28702, 'Ocotlan', 2447),
(28703, 'Ojitlan', 2447),
(28704, 'Palomares', 2447),
(28705, 'Panixtlahuaca', 2447),
(28706, 'Petapa', 2447),
(28707, 'Pinotepa Nacional', 2447),
(28708, 'Pinotepa de Don Luis', 2447),
(28709, 'Pochutla', 2447),
(28710, 'Puerto Escondido', 2447),
(28711, 'Putla', 2447),
(28712, 'Quetzaltepec', 2447),
(28713, 'Rincon Viejo', 2447),
(28714, 'Rio Grande', 2447),
(28715, 'Salina Cruz', 2447),
(28716, 'San Agustin de las Juntas', 2447),
(28717, 'San Antonio Castillo Velasco', 2447),
(28718, 'San Antonio de la Cal', 2447),
(28719, 'San Dionisio del Mar', 2447),
(28720, 'San Francisco del Mar', 2447),
(28721, 'San Jose del Progreso', 2447),
(28722, 'San Juan Colorado', 2447),
(28723, 'San Mateo del Mar', 2447),
(28724, 'Santa Lucia del Camino', 2447),
(28725, 'Santa Maria del Tule', 2447),
(28726, 'Santiago Apostol', 2447),
(28727, 'Santos Reyes Nopala', 2447),
(28728, 'Soyaltepec', 2447),
(28729, 'Suchilquitongo', 2447),
(28730, 'Tamazulapam', 2447),
(28731, 'Tapanatepec', 2447),
(28732, 'Tehuantepec', 2447),
(28733, 'Teitipac', 2447),
(28734, 'Telixtlahuaca', 2447),
(28735, 'Teotitlan', 2447),
(28736, 'Teotitlan den Valle', 2447),
(28737, 'Tilquiapam', 2447),
(28738, 'Tlacolula', 2447),
(28739, 'Tlalixtac', 2447),
(28740, 'Tlaxiaco', 2447),
(28741, 'Tutla', 2447),
(28742, 'Tuxtepec', 2447),
(28743, 'Union Hidalgo', 2447),
(28744, 'Usila', 2447),
(28745, 'Valle Nacional', 2447),
(28746, 'Vicente Camalote', 2447),
(28747, 'Vicente Guerrero', 2447),
(28748, 'Xadani', 2447),
(28749, 'Xitla', 2447),
(28750, 'Xoxocotlan', 2447),
(28751, 'Yaitepec', 2447),
(28752, 'Yatareni', 2447),
(28753, 'Zaachila', 2447),
(28754, 'Zacatepec', 2447),
(28755, 'Zanatepec', 2447),
(28756, 'Zimatlan', 2447),
(28757, 'Acajete', 2448),
(28758, 'Acateno', 2448),
(28759, 'Acatlan', 2448),
(28760, 'Acatzingo', 2448),
(28761, 'Actipan', 2448),
(28762, 'Acuexcomac', 2448),
(28763, 'Ahuatempan', 2448),
(28764, 'Ajalpan', 2448),
(28765, 'Aljojuca', 2448),
(28766, 'Almecatla', 2448),
(28767, 'Alseseca', 2448),
(28768, 'Altepexi', 2448),
(28769, 'Amecac', 2448),
(28770, 'Amozoc', 2448),
(28771, 'Aparicio', 2448),
(28772, 'Atempan', 2448),
(28773, 'Atencingo', 2448),
(28774, 'Atlixco', 2448),
(28775, 'Atoyatempan', 2448),
(28776, 'Atzitzintla', 2448),
(28777, 'Atzompa', 2448),
(28778, 'Ayutla', 2448),
(28779, 'Azumiatla', 2448),
(28780, 'Benito Juarez', 2448),
(28781, 'Buenos Aires', 2448),
(28782, 'Cacaloxuchitl', 2448),
(28783, 'Calipan', 2448),
(28784, 'Calmeca', 2448),
(28785, 'Calpan', 2448),
(28786, 'Caltenco', 2448),
(28787, 'Canada', 2448),
(28788, 'Canoa', 2448),
(28789, 'Caxhuacan', 2448),
(28790, 'Chalchihuapan', 2448),
(28791, 'Chapulco', 2448),
(28792, 'Chautla', 2448),
(28793, 'Chiapa', 2448),
(28794, 'Chiautla', 2448),
(28795, 'Chiautzingo', 2448),
(28796, 'Chiconquiac', 2448),
(28797, 'Chietla', 2448),
(28798, 'Chignahuapan', 2448),
(28799, 'Chignautla', 2448),
(28800, 'Chilac', 2448),
(28801, 'Chilchotla', 2448),
(28802, 'Cholula', 2448),
(28803, 'Citlaltepetl', 2448),
(28804, 'Coatepec', 2448),
(28805, 'Coronango', 2448),
(28806, 'Coxcatlan', 2448),
(28807, 'Coyula', 2448),
(28808, 'Cuacnopalan', 2448),
(28809, 'Cuanala', 2448),
(28810, 'Cuapiaxtla', 2448),
(28811, 'Cuautlancingo', 2448),
(28812, 'Cuayucatepec', 2448),
(28813, 'Cuetzalan', 2448),
(28814, 'Domingo Arenas', 2448),
(28815, 'Escape', 2448),
(28816, 'Esperanza', 2448),
(28817, 'Guadalupe Victoria', 2448),
(28818, 'Huaquechula', 2448),
(28819, 'Huauchinango', 2448),
(28820, 'Huehuetlan', 2448),
(28821, 'Huejotzingo', 2448),
(28822, 'Hueyapan', 2448),
(28823, 'Hueyotlipan', 2448),
(28824, 'Hueytamalco', 2448),
(28825, 'Huixcolotla', 2448),
(28826, 'Ixcaquixtla', 2448),
(28827, 'Ixtiyucan', 2448),
(28828, 'Izucar', 2448),
(28829, 'Jolalpan', 2448),
(28830, 'La Ceiba', 2448),
(28831, 'La Galarza', 2448),
(28832, 'La Resureccion', 2448),
(28833, 'Lazaro Cardenas', 2448),
(28834, 'Libres', 2448),
(28835, 'Los Ranchos', 2448),
(28836, 'Los Reyes de Juarez', 2448),
(28837, 'Malacatepec', 2448),
(28838, 'Metlaltoyuca', 2448),
(28839, 'Miahuatlan', 2448),
(28840, 'Mihuacan', 2448),
(28841, 'Momoxpan', 2448),
(28842, 'Moyotzingo', 2448),
(28843, 'Nealtican', 2448),
(28844, 'Necaxa', 2448),
(28845, 'Nopalucan', 2448),
(28846, 'Ocotitlan', 2448),
(28847, 'Ocotlan', 2448),
(28848, 'Ocoyucan', 2448),
(28849, 'Oriental', 2448),
(28850, 'Pahuatlan', 2448),
(28851, 'Palmar de Bravo', 2448),
(28852, 'Puebla', 2448),
(28853, 'Quecholac', 2448),
(28854, 'Raboso', 2448),
(28855, 'Rafael Lara Grajales', 2448),
(28856, 'San Gabriel Casa Blanca', 2448),
(28857, 'San Lucas el Grande', 2448),
(28858, 'San Salvador el Seco', 2448),
(28859, 'San Sebastian Villanueva', 2448),
(28860, 'Sanctorum', 2448),
(28861, 'Santa Maria la Alta', 2448),
(28862, 'Serdan', 2448),
(28863, 'Soltepec', 2448),
(28864, 'Tatoxcac', 2448),
(28865, 'Tecali', 2448),
(28866, 'Tecamachalco', 2448),
(28867, 'Tehuacan', 2448),
(28868, 'Tehuitzingo', 2448),
(28869, 'Tenango', 2448),
(28870, 'Tenango de las Flores', 2448),
(28871, 'Tenextatiloyan', 2448),
(28872, 'Teontepec', 2448),
(28873, 'Teopantlan', 2448),
(28874, 'Teotlalcingo', 2448),
(28875, 'Tepango', 2448),
(28876, 'Tepatlaxco', 2448),
(28877, 'Tepeaca', 2448),
(28878, 'Tepeojuma', 2448),
(28879, 'Tepexi', 2448),
(28880, 'Tepulco', 2448),
(28881, 'Tetela Morelos', 2448),
(28882, 'Tetela de Ocampo', 2448),
(28883, 'Teteles', 2448),
(28884, 'Tetzoyocan', 2448),
(28885, 'Texmelucan', 2448),
(28886, 'Teziutlan', 2448),
(28887, 'Tianguismanalco', 2448),
(28888, 'Tlachichuca', 2448),
(28889, 'Tlacotepec', 2448),
(28890, 'Tlacoyalco', 2448),
(28891, 'Tlahuapan', 2448),
(28892, 'Tlaixpan', 2448),
(28893, 'Tlalancaleca', 2448),
(28894, 'Tlaltenango', 2448),
(28895, 'Tlanalapan', 2448),
(28896, 'Tlancualpican', 2448),
(28897, 'Tlanepantla', 2448),
(28898, 'Tlapanala', 2448),
(28899, 'Tlatlauquitepec', 2448),
(28900, 'Tlaxcalancingo', 2448),
(28901, 'Tlaxco', 2448),
(28902, 'Tochapan', 2448),
(28903, 'Tochimilco', 2448),
(28904, 'Tochtepec', 2448),
(28905, 'Tulcingo', 2448),
(28906, 'Tuxco', 2448),
(28907, 'Venustiano Carranza', 2448),
(28908, 'Xalmimilulco', 2448),
(28909, 'Xaltepec', 2448),
(28910, 'Xicotepec', 2448),
(28911, 'Xiutetelco', 2448),
(28912, 'Xochiltenango', 2448),
(28913, 'Xochitlan', 2448),
(28914, 'Xonatepec', 2448),
(28915, 'Xoxtla', 2448),
(28916, 'Yaonahuac', 2448),
(28917, 'Yehualtepec', 2448),
(28918, 'Zacapechpan', 2448),
(28919, 'Zacapoaxtla', 2448),
(28920, 'Zacatepec', 2448),
(28921, 'Zacatlan', 2448),
(28922, 'Zaragoza', 2448),
(28923, 'Zinacatepec', 2448),
(28924, 'Zongozotla', 2448),
(28925, 'Zozutla', 2448),
(28926, 'Ajuchitlan', 2449),
(28927, 'Amazcala', 2449),
(28928, 'Amealco', 2449),
(28929, 'Cadereyta', 2449),
(28930, 'Candiles', 2449),
(28931, 'Colon', 2449),
(28932, 'El Colorado', 2449),
(28933, 'El Pueblito', 2449),
(28934, 'El Sauz', 2449),
(28935, 'Ezequiel Montes', 2449),
(28936, 'Huimilpan', 2449),
(28937, 'Jalpan', 2449),
(28938, 'Jauregui', 2449),
(28939, 'La Canada', 2449),
(28940, 'La Estancia', 2449),
(28941, 'La Lira', 2449),
(28942, 'La Llave', 2449),
(28943, 'Paso de Mata', 2449),
(28944, 'Pedro Escobedo', 2449),
(28945, 'Queretaro', 2449),
(28946, 'San Jose de los Olvera', 2449),
(28947, 'San Jose el Alto', 2449),
(28948, 'San Juan del Rio', 2449),
(28949, 'San Nicolas', 2449),
(28950, 'San Pedro Martir', 2449),
(28951, 'Santa Maria Magdalena', 2449),
(28952, 'Tequisquiapan', 2449),
(28953, 'Tlacote el Bajo', 2449),
(28954, 'Adolfo Ruiz Cortines', 2452),
(28955, 'Agua Verde', 2452),
(28956, 'Ahome', 2452),
(28957, 'Angostura', 2452),
(28958, 'Badiraguato', 2452),
(28959, 'Bagojo', 2452),
(28960, 'Benito Juarez', 2452),
(28961, 'Campo Gobierno', 2452),
(28962, 'Choix', 2452),
(28963, 'Compuertas', 2452),
(28964, 'Concordia', 2452),
(28965, 'Constancia', 2452),
(28966, 'Cosala', 2452),
(28967, 'Costa Rica', 2452),
(28968, 'Culiacan', 2452),
(28969, 'Culiacancito', 2452),
(28970, 'El Burrion', 2452),
(28971, 'El Carrizo', 2452),
(28972, 'El Diez', 2452),
(28973, 'El Estero', 2452),
(28974, 'El Fuerte', 2452),
(28975, 'El Rosario', 2452),
(28976, 'El Tamarindo', 2452),
(28977, 'Eldorado', 2452),
(28978, 'Escuinapa', 2452),
(28979, 'Estacion Naranjo', 2452),
(28980, 'Estancia Bamoa', 2452),
(28981, 'Gabriel Leyva Solano', 2452),
(28982, 'Guamuchil', 2452),
(28983, 'Guasave', 2452),
(28984, 'Higuera', 2452),
(28985, 'Isla del Bosque', 2452),
(28986, 'Jahuara Segundo', 2452),
(28987, 'Juan Jose Rios', 2452),
(28988, 'La Cruz', 2452),
(28989, 'La Palma', 2452),
(28990, 'La Reforma', 2452),
(28991, 'La Trinidad', 2452),
(28992, 'Los Mochis', 2452),
(28993, 'Mazatlan', 2452),
(28994, 'Mochicahui', 2452),
(28995, 'Mocorito', 2452),
(28996, 'Navolato', 2452),
(28997, 'Pericos', 2452),
(28998, 'Pueblos Unidos', 2452),
(28999, 'Quila', 2452),
(29000, 'San Blas', 2452),
(29001, 'San Ignacio', 2452),
(29002, 'Sinaloa', 2452),
(29003, 'Teacapan', 2452),
(29004, 'Topolobampo', 2452),
(29005, 'Villa Union', 2452),
(29006, 'Zapotitlan', 2452),
(29007, 'Agua Prieta', 2453),
(29008, 'Alamos', 2453),
(29009, 'Altar', 2453),
(29010, 'Bacobampo', 2453),
(29011, 'Bacum', 2453),
(29012, 'Bahia de Kino', 2453),
(29013, 'Benjamin Hill', 2453),
(29014, 'Caborca', 2453),
(29015, 'Campo Sesenta', 2453),
(29016, 'Cananea', 2453),
(29017, 'Carbo', 2453),
(29018, 'Cocorit', 2453),
(29019, 'Cumpas', 2453),
(29020, 'Empalme', 2453),
(29021, 'Esperanza', 2453),
(29022, 'Esqueda', 2453),
(29023, 'Etchojoa', 2453),
(29024, 'Etchoropo', 2453),
(29025, 'Guaymas', 2453),
(29026, 'Hermosillo', 2453),
(29027, 'Huatabampo', 2453),
(29028, 'Imuris', 2453),
(29029, 'Juarez', 2453),
(29030, 'Kino', 2453),
(29031, 'La Doce', 2453),
(29032, 'La Union', 2453),
(29033, 'Moctezuma', 2453),
(29034, 'Naco', 2453),
(29035, 'Nacozari', 2453),
(29036, 'Navajoa', 2453),
(29037, 'Nogales', 2453),
(29038, 'Obregon', 2453),
(29039, 'Pitiquito', 2453),
(29040, 'Potam', 2453),
(29041, 'Providencia', 2453),
(29042, 'Puerto Penasco', 2453),
(29043, 'Rio Muerto', 2453),
(29044, 'Sahuaripa', 2453),
(29045, 'San Jose de Bacum', 2453),
(29046, 'San Luis Rio Colorado', 2453),
(29047, 'Sanchez', 2453),
(29048, 'Santa Ana', 2453),
(29049, 'Sonoita', 2453),
(29050, 'Tobarito', 2453),
(29051, 'Ures', 2453),
(29052, 'Vicam', 2453),
(29053, 'Yaqui', 2453),
(29054, 'Yavaros', 2453),
(29055, 'Aquiles Serdan', 2454),
(29056, 'Ayapa', 2454),
(29057, 'Balancan', 2454),
(29058, 'Barra de Santa Ana', 2454),
(29059, 'Belen', 2454),
(29060, 'Bosque de Saloya', 2454),
(29061, 'Buenavista', 2454),
(29062, 'Campo Magellanes', 2454),
(29063, 'Cardenas', 2454),
(29064, 'Chichicapa', 2454),
(29065, 'Chontalpa', 2454),
(29066, 'Comalcalco', 2454),
(29067, 'Cunduacan', 2454),
(29068, 'El Triunfo', 2454),
(29069, 'Emiliano Zapata', 2454),
(29070, 'Fraccionamiento la Selva', 2454),
(29071, 'Frontera', 2454),
(29072, 'Huimanguillo', 2454),
(29073, 'Jalapa', 2454),
(29074, 'Jalpa', 2454),
(29075, 'Jonuta', 2454),
(29076, 'La Curva', 2454),
(29077, 'La Venta', 2454),
(29078, 'Luis Gil Perez', 2454),
(29079, 'Macultepec', 2454),
(29080, 'Macuspana', 2454),
(29081, 'Magana', 2454),
(29082, 'Miguel Hidalgo', 2454),
(29083, 'Nacajuca', 2454),
(29084, 'Ocuiltzapotlan', 2454),
(29085, 'Once de Febrero', 2454),
(29086, 'Paraiso', 2454),
(29087, 'Parrilla', 2454),
(29088, 'Pemex', 2454),
(29089, 'Playas del Rosario', 2454),
(29090, 'Rio Viejo', 2454),
(29091, 'San Carlos', 2454),
(29092, 'Santa Rosalia', 2454),
(29093, 'Simon Sarlat', 2454),
(29094, 'Tacotalpa', 2454),
(29095, 'Tamulte', 2454),
(29096, 'Teapa', 2454),
(29097, 'Tecolutilla', 2454),
(29098, 'Tenosique', 2454),
(29099, 'Vicente Guerrero', 2454),
(29100, 'Villa Aldama', 2454),
(29101, 'Villahermosa', 2454),
(29102, 'Abasolo', 2455),
(29103, 'Aldama', 2455),
(29104, 'Altamira', 2455),
(29105, 'Antiguo Morelos', 2455),
(29106, 'Camargo', 2455),
(29107, 'Cuauhtemoc', 2455),
(29108, 'El Mante', 2455),
(29109, 'Estacion Manuel', 2455),
(29110, 'Gonzalez', 2455),
(29111, 'Graciano Sanchez', 2455),
(29112, 'Guerrero', 2455),
(29113, 'Gustavo Diaz Ordaz', 2455),
(29114, 'Hidalgo', 2455),
(29115, 'Jaumave', 2455),
(29116, 'Llerca', 2455),
(29117, 'Los Guerra', 2455),
(29118, 'Madero', 2455),
(29119, 'Matamoros', 2455),
(29120, 'Mier', 2455),
(29121, 'Miguel Aleman', 2455),
(29122, 'Miramar', 2455),
(29123, 'Nuevo Laredo', 2455),
(29124, 'Nuevo Progreso', 2455),
(29125, 'Ocampo', 2455),
(29126, 'Padilla', 2455),
(29127, 'Reynosa', 2455),
(29128, 'Rio Bravo', 2455),
(29129, 'San Fernando', 2455),
(29130, 'Santa Engracia', 2455),
(29131, 'Santander Jimenez', 2455),
(29132, 'Soto la Marina', 2455),
(29133, 'Tampico', 2455),
(29134, 'Tula', 2455),
(29135, 'Valle Hermoso', 2455),
(29136, 'Victoria', 2455),
(29137, 'Xicotencatl', 2455),
(29138, 'Ahuashuatepec', 2456),
(29139, 'Altzayanca', 2456),
(29140, 'Amaxac', 2456),
(29141, 'Apetatitlan', 2456),
(29142, 'Apizaco', 2456),
(29143, 'Apizaquito', 2456),
(29144, 'Atexcatzingo', 2456),
(29145, 'Axocomanitla', 2456),
(29146, 'Ayometla', 2456),
(29147, 'Benito Juarez', 2456),
(29148, 'Buen Suceso', 2456),
(29149, 'Calpulalpan', 2456),
(29150, 'Chiautempan', 2456),
(29151, 'Contla', 2456),
(29152, 'Cuapiaxtla', 2456),
(29153, 'Huactzinco', 2456),
(29154, 'Huamantla', 2456),
(29155, 'Hueyotlipan', 2456),
(29156, 'Huiloac', 2456),
(29157, 'Ignacio Zaragoza', 2456),
(29158, 'Ixtacuixtla', 2456),
(29159, 'Ixtenco', 2456),
(29160, 'Mazatecochco', 2456),
(29161, 'Nanacamilpa', 2456),
(29162, 'Nativitas', 2456),
(29163, 'Nopalucan', 2456),
(29164, 'Panotla', 2456),
(29165, 'Papalotla', 2456),
(29166, 'Quilehtla', 2456),
(29167, 'Sanctorum', 2456),
(29168, 'Teacalco', 2456),
(29169, 'Tenancingo', 2456),
(29170, 'Teolocholco', 2456),
(29171, 'Tepetitla', 2456),
(29172, 'Tepeyanco', 2456),
(29173, 'Tequixquitla', 2456),
(29174, 'Terrenate', 2456),
(29175, 'Tetla', 2456),
(29176, 'Tetlanohcan', 2456),
(29177, 'Tetlatlahuca', 2456),
(29178, 'Texcalac', 2456),
(29179, 'Texoloc', 2456),
(29180, 'Tlaltelulco', 2456),
(29181, 'Tlaxcala', 2456),
(29182, 'Tlaxco', 2456),
(29183, 'Tocatlan', 2456),
(29184, 'Totolac', 2456),
(29185, 'Vicente Guerrero', 2456),
(29186, 'Villa Alta', 2456),
(29187, 'Xaloztoc', 2456),
(29188, 'Xaltocan', 2456),
(29189, 'Xicohtzinco', 2456),
(29190, 'Xicotencatl', 2456),
(29191, 'Xiloxoxtla', 2456),
(29192, 'Yauhquemecan', 2456),
(29193, 'Zacatelco', 2456),
(29194, 'Zacualpan', 2456),
(29195, 'Zitlaltepec', 2456),
(29196, 'Acayucan', 2457),
(29197, 'Actopan', 2457),
(29198, 'Acultzingo', 2457),
(29199, 'Agua Dulce', 2457),
(29200, 'Alamo', 2457),
(29201, 'Allende', 2457),
(29202, 'Altamirano', 2457),
(29203, 'Alto Lucero', 2457),
(29204, 'Altotonga', 2457),
(29205, 'Alvarado', 2457),
(29206, 'Amatlan', 2457),
(29207, 'Anahuac', 2457),
(29208, 'Anton Lizardo', 2457),
(29209, 'Atzacan', 2457),
(29210, 'Azueta', 2457),
(29211, 'Banderilla', 2457),
(29212, 'Benito Juarez', 2457),
(29213, 'Boca del Monte', 2457),
(29214, 'Boca del Rio', 2457),
(29215, 'Cabada', 2457),
(29216, 'Cabezas', 2457),
(29217, 'Carrillo', 2457),
(29218, 'Castillo de Teayo', 2457),
(29219, 'Catemaco', 2457),
(29220, 'Cazones', 2457),
(29221, 'Cerro Azul', 2457),
(29222, 'Chacaltianguis', 2457),
(29223, 'Chicontepec', 2457),
(29224, 'Chinameca', 2457),
(29225, 'Chinampa', 2457),
(29226, 'Chocaman', 2457),
(29227, 'Citlaltepetl', 2457),
(29228, 'Clara', 2457),
(29229, 'Coacoatzintla', 2457),
(29230, 'Coacotla', 2457),
(29231, 'Coatepec', 2457),
(29232, 'Coatzacoalcos', 2457),
(29233, 'Coatzintla', 2457),
(29234, 'Comoapan', 2457),
(29235, 'Cordoba', 2457),
(29236, 'Corral Nuevo', 2457),
(29237, 'Cosamaloapan', 2457),
(29238, 'Cosautlan', 2457),
(29239, 'Coscomatepec', 2457),
(29240, 'Cosoleacaque', 2457),
(29241, 'Covarrubias', 2457),
(29242, 'Coxquihui', 2457),
(29243, 'Coyutla', 2457),
(29244, 'Cuauhtemoc', 2457),
(29245, 'Cuautlapan', 2457),
(29246, 'Cuichapa', 2457),
(29247, 'Cuitlahuac', 2457),
(29248, 'El Castillo', 2457),
(29249, 'El Higo', 2457),
(29250, 'El Naranjito', 2457),
(29251, 'El Pueblito', 2457),
(29252, 'El Tejar', 2457),
(29253, 'Emilio Carranza', 2457),
(29254, 'Estacion Juanita', 2457),
(29255, 'Estacion del Idolo', 2457),
(29256, 'Filomeno Mata', 2457),
(29257, 'Fortin', 2457),
(29258, 'Gabino Barreda', 2457),
(29259, 'Guadalupe Victoria', 2457),
(29260, 'Gutierrez Zamora', 2457),
(29261, 'Hidalgo', 2457),
(29262, 'Hidalgotitlan', 2457),
(29263, 'Huatusco', 2457),
(29264, 'Huayacoctla', 2457),
(29265, 'Hueyapan', 2457),
(29266, 'Huiloapan', 2457),
(29267, 'Ignacio de la Llave', 2457),
(29268, 'Isla', 2457),
(29269, 'Ixcatepec', 2457),
(29270, 'Ixhuatlan del Cafe', 2457),
(29271, 'Ixhuatlan del Sureste', 2457),
(29272, 'Ixhuatlancillo', 2457),
(29273, 'Ixtaczoquitlan', 2457),
(29274, 'Jalacingo', 2457),
(29275, 'Jalapilla', 2457),
(29276, 'Jaltipan', 2457),
(29277, 'Jamapa', 2457),
(29278, 'Jesus Carranza', 2457),
(29279, 'Jilotepec', 2457),
(29280, 'La Antigua', 2457),
(29281, 'La Estanzuela', 2457),
(29282, 'La Pena', 2457),
(29283, 'La Perla', 2457),
(29284, 'La Poza', 2457),
(29285, 'Las Amapolas', 2457),
(29286, 'Las Choapas', 2457),
(29287, 'Las Vigas', 2457),
(29288, 'Lerdo', 2457),
(29289, 'Lomas de Barillas', 2457),
(29290, 'Los Altos', 2457),
(29291, 'Los Mangos', 2457),
(29292, 'Maltrata', 2457),
(29293, 'Mariano Escobedo', 2457),
(29294, 'Martinez', 2457),
(29295, 'Mecatlan', 2457),
(29296, 'Mecayapan', 2457),
(29297, 'Mendoza', 2457),
(29298, 'Minatitlan', 2457),
(29299, 'Misantla', 2457),
(29300, 'Monte Blanco', 2457),
(29301, 'Moralillo', 2457),
(29302, 'Motzorongo', 2457),
(29303, 'Mundo Nuevo', 2457),
(29304, 'Nanchital', 2457),
(29305, 'Naolinco', 2457),
(29306, 'Naranjos', 2457),
(29307, 'Nautla', 2457),
(29308, 'Nogales', 2457),
(29309, 'Oluta', 2457),
(29310, 'Omealca', 2457),
(29311, 'Orizaba', 2457),
(29312, 'Otatitlan', 2457),
(29313, 'Oteapan', 2457),
(29314, 'Ozuluama', 2457),
(29315, 'Pajapan', 2457),
(29316, 'Palmira', 2457),
(29317, 'Panuco', 2457),
(29318, 'Papantla', 2457),
(29319, 'Paraje Nuevo', 2457),
(29320, 'Paso de Ovejas', 2457),
(29321, 'Paso del Macho', 2457),
(29322, 'Paso del Toro', 2457),
(29323, 'Penuela', 2457),
(29324, 'Perote', 2457),
(29325, 'Piedras Negras', 2457),
(29326, 'Plan de Ayala', 2457),
(29327, 'Platon Sanchez', 2457),
(29328, 'Playa Vicente', 2457),
(29329, 'Potrero Nuevo', 2457),
(29330, 'Potrero del Llano', 2457),
(29331, 'Poza Rica', 2457),
(29332, 'Puntilla Aldama', 2457),
(29333, 'Rafael Delgado', 2457),
(29334, 'Rafael Lucio', 2457),
(29335, 'Rinconada', 2457),
(29336, 'Saltabarranca', 2457),
(29337, 'San Juan Evangelista', 2457),
(29338, 'San Marcos', 2457),
(29339, 'San Rafael', 2457),
(29340, 'San Roman', 2457),
(29341, 'Santiago Tuxtla', 2457),
(29342, 'Sayula', 2457),
(29343, 'Soconusco', 2457),
(29344, 'Soledad', 2457),
(29345, 'Soteapan', 2457),
(29346, 'Tamalin', 2457),
(29347, 'Tamiahua', 2457),
(29348, 'Tantoyuca', 2457),
(29349, 'Tatahuicapan', 2457),
(29350, 'Tecolutla', 2457),
(29351, 'Tempoal', 2457),
(29352, 'Tenango de Rio Blanco', 2457),
(29353, 'Teocelo', 2457),
(29354, 'Tepetzintla', 2457),
(29355, 'Tequila', 2457),
(29356, 'Tetelzingo', 2457),
(29357, 'Texistepec', 2457),
(29358, 'Tezonapa', 2457),
(29359, 'Tierra Blanca', 2457),
(29360, 'Tihuatlan', 2457),
(29361, 'Tlacojalpan', 2457),
(29362, 'Tlacotalpan', 2457),
(29363, 'Tlaltetela', 2457),
(29364, 'Tlapacoyan', 2457),
(29365, 'Tocuila', 2457),
(29366, 'Tomatlan', 2457),
(29367, 'Totolapa', 2457),
(29368, 'Totula', 2457),
(29369, 'Tres Valles', 2457),
(29370, 'Tuxpam', 2457),
(29371, 'Tuxtla', 2457),
(29372, 'Tuzamapan', 2457),
(29373, 'Union y Progreso', 2457),
(29374, 'Ursulo Galvan', 2457),
(29375, 'Valente Diaz', 2457),
(29376, 'Vega de Alatorre', 2457),
(29377, 'Veracruz', 2457),
(29378, 'Xalapa', 2457),
(29379, 'Xico', 2457),
(29380, 'Xocotla', 2457),
(29381, 'Yanga', 2457),
(29382, 'Yecuatla', 2457),
(29383, 'Zaragoza', 2457),
(29384, 'Zempoala', 2457),
(29385, 'Zongolica', 2457);
INSERT INTO `cities` (`id`, `name`, `state_id`) VALUES
(29386, 'Zozocolco', 2457),
(29387, 'Acanceh', 2458),
(29388, 'Akil', 2458),
(29389, 'Baca', 2458),
(29390, 'Buctzotz', 2458),
(29391, 'Cacalchen', 2458),
(29392, 'Cansahcab', 2458),
(29393, 'Caucel', 2458),
(29394, 'Celestun', 2458),
(29395, 'Cenotillo', 2458),
(29396, 'Chemax', 2458),
(29397, 'Chichimila', 2458),
(29398, 'Chicxulub', 2458),
(29399, 'Chochola', 2458),
(29400, 'Cholul', 2458),
(29401, 'Chumayel', 2458),
(29402, 'Conkal', 2458),
(29403, 'Cuzama', 2458),
(29404, 'Dzan', 2458),
(29405, 'Dzemul', 2458),
(29406, 'Dzidzantun', 2458),
(29407, 'Dzilam Gonzalez', 2458),
(29408, 'Dzitas', 2458),
(29409, 'Espita', 2458),
(29410, 'Halacho', 2458),
(29411, 'Hocaba', 2458),
(29412, 'Hoctun', 2458),
(29413, 'Homun', 2458),
(29414, 'Huhi', 2458),
(29415, 'Hunucma', 2458),
(29416, 'Itzincab', 2458),
(29417, 'Ixil', 2458),
(29418, 'Izamal', 2458),
(29419, 'Kanasin', 2458),
(29420, 'Kantunil', 2458),
(29421, 'Kinchil', 2458),
(29422, 'Mama', 2458),
(29423, 'Mani', 2458),
(29424, 'Maxcanu', 2458),
(29425, 'Merida', 2458),
(29426, 'Motul', 2458),
(29427, 'Muna', 2458),
(29428, 'Opichen', 2458),
(29429, 'Oxkutzcab', 2458),
(29430, 'Panaba', 2458),
(29431, 'Peto', 2458),
(29432, 'Piste', 2458),
(29433, 'Progreso', 2458),
(29434, 'Sacalum', 2458),
(29435, 'Santa Elena', 2458),
(29436, 'Seye', 2458),
(29437, 'Sotuta', 2458),
(29438, 'Sucila', 2458),
(29439, 'Tahmek', 2458),
(29440, 'Teabo', 2458),
(29441, 'Tecoh', 2458),
(29442, 'Tekanto', 2458),
(29443, 'Tekax', 2458),
(29444, 'Tekit', 2458),
(29445, 'Telchac', 2458),
(29446, 'Temax', 2458),
(29447, 'Temozon', 2458),
(29448, 'Tetiz', 2458),
(29449, 'Ticul', 2458),
(29450, 'Timucuy', 2458),
(29451, 'Tixkokob', 2458),
(29452, 'Tixpehual', 2458),
(29453, 'Tizimin', 2458),
(29454, 'Tunkas', 2458),
(29455, 'Tzucacab', 2458),
(29456, 'Uman', 2458),
(29457, 'Valladolid', 2458),
(29458, 'X-Can', 2458),
(29459, 'Yucatan', 2458),
(29460, 'Apozol', 2459),
(29461, 'Banon', 2459),
(29462, 'Canitas', 2459),
(29463, 'Chalchihuites', 2459),
(29464, 'Concepcion del Oro', 2459),
(29465, 'Cos', 2459),
(29466, 'Estrada', 2459),
(29467, 'Fresnillo', 2459),
(29468, 'Garcia', 2459),
(29469, 'Gonzalez Ortega', 2459),
(29470, 'Guadalupe', 2459),
(29471, 'Hidalgo', 2459),
(29472, 'Jalpa', 2459),
(29473, 'Jerez', 2459),
(29474, 'Juan Aldama', 2459),
(29475, 'Juchipila', 2459),
(29476, 'Loreto', 2459),
(29477, 'Lourdes', 2459),
(29478, 'Luis Moya', 2459),
(29479, 'Miguel Auza', 2459),
(29480, 'Monte Escobedo', 2459),
(29481, 'Morelos', 2459),
(29482, 'Natera', 2459),
(29483, 'Nieves', 2459),
(29484, 'Nochistlan', 2459),
(29485, 'Ojo Caliente', 2459),
(29486, 'Piedra Gorda', 2459),
(29487, 'Pinos', 2459),
(29488, 'Plateros', 2459),
(29489, 'Pozo de Gamboa', 2459),
(29490, 'Rio Grande', 2459),
(29491, 'Sain Alto', 2459),
(29492, 'Sombrerete', 2459),
(29493, 'Tabasco', 2459),
(29494, 'Tacoaleche', 2459),
(29495, 'Tepechitlan', 2459),
(29496, 'Teul', 2459),
(29497, 'Tlaltenango', 2459),
(29498, 'Toribio', 2459),
(29499, 'Trancoso', 2459),
(29500, 'Valparaiso', 2459),
(29501, 'Victor Rosales', 2459),
(29502, 'Villa Gonzalez Ortega', 2459),
(29503, 'Villanueva', 2459),
(29504, 'Zacatecas', 2459),
(42594, 'Alabaster', 3919),
(42595, 'Albertville', 3919),
(42596, 'Alexander City', 3919),
(42597, 'Anniston', 3919),
(42598, 'Arab', 3919),
(42599, 'Ashville', 3919),
(42600, 'Athens', 3919),
(42601, 'Atmore', 3919),
(42602, 'Auburn', 3919),
(42603, 'Bessemer', 3919),
(42604, 'Birmingham', 3919),
(42605, 'Capshaw', 3919),
(42606, 'Center Point', 3919),
(42607, 'Childersburg', 3919),
(42608, 'Cullman', 3919),
(42609, 'Daleville', 3919),
(42610, 'Daphne', 3919),
(42611, 'Decatur', 3919),
(42612, 'Dothan', 3919),
(42613, 'Enterprise', 3919),
(42614, 'Eufaula', 3919),
(42615, 'Fairfield', 3919),
(42616, 'Fairhope', 3919),
(42617, 'Florence', 3919),
(42618, 'Fort Payne', 3919),
(42619, 'Gadsden', 3919),
(42620, 'Grand Bay', 3919),
(42621, 'Grove Hill', 3919),
(42622, 'Guntersville', 3919),
(42623, 'Hampton Cove', 3919),
(42624, 'Hanceville', 3919),
(42625, 'Hartselle', 3919),
(42626, 'Headland', 3919),
(42627, 'Helena', 3919),
(42628, 'Hodges', 3919),
(42629, 'Homewood', 3919),
(42630, 'Hoover', 3919),
(42631, 'Hueytown', 3919),
(42632, 'Huntsville', 3919),
(42633, 'Jacksonville', 3919),
(42634, 'Jasper', 3919),
(42635, 'Leeds', 3919),
(42636, 'Luverne', 3919),
(42637, 'Madison', 3919),
(42638, 'Mobile', 3919),
(42639, 'Montgomery', 3919),
(42640, 'Mountain Brook', 3919),
(42641, 'Muscle Shoals', 3919),
(42642, 'Northport', 3919),
(42643, 'Notasulga', 3919),
(42644, 'Opelika', 3919),
(42645, 'Oxford', 3919),
(42646, 'Ozark', 3919),
(42647, 'Pelham', 3919),
(42648, 'Pell City', 3919),
(42649, 'Pennsylvania', 3919),
(42650, 'Phenix City', 3919),
(42651, 'Prattville', 3919),
(42652, 'Prichard', 3919),
(42653, 'Ramer', 3919),
(42654, 'Roanoke', 3919),
(42655, 'Saraland', 3919),
(42656, 'Scottsboro', 3919),
(42657, 'Selma', 3919),
(42658, 'Sheffield', 3919),
(42659, 'Smiths', 3919),
(42660, 'Sumiton', 3919),
(42661, 'Sylacauga', 3919),
(42662, 'Talladega', 3919),
(42663, 'Thomasville', 3919),
(42664, 'Trafford', 3919),
(42665, 'Troy', 3919),
(42666, 'Trussville', 3919),
(42667, 'Tuscaloosa', 3919),
(42668, 'Tuskegee', 3919),
(42669, 'Vestavia Hills', 3919),
(42670, 'Anchorage', 3920),
(42671, 'Barrow', 3920),
(42672, 'Bethel', 3920),
(42673, 'College', 3920),
(42674, 'Fairbanks', 3920),
(42675, 'Homer', 3920),
(42676, 'Juneau', 3920),
(42677, 'Kenai', 3920),
(42678, 'Ketchikan', 3920),
(42679, 'Kodiak', 3920),
(42680, 'Nome', 3920),
(42681, 'Palmer', 3920),
(42682, 'Sitka', 3920),
(42683, 'Soldotna', 3920),
(42684, 'Sterling', 3920),
(42685, 'Unalaska', 3920),
(42686, 'Valdez', 3920),
(42687, 'Wasilla', 3920),
(42688, 'Apache Junction', 3921),
(42689, 'Avondale', 3921),
(42690, 'Bisbee', 3921),
(42691, 'Bouse', 3921),
(42692, 'Bullhead City', 3921),
(42693, 'Carefree', 3921),
(42694, 'Casa Grande', 3921),
(42695, 'Casas Adobes', 3921),
(42696, 'Chandler', 3921),
(42697, 'Clarkdale', 3921),
(42698, 'Cottonwood', 3921),
(42699, 'Douglas', 3921),
(42700, 'Drexel Heights', 3921),
(42701, 'El Mirage', 3921),
(42702, 'Flagstaff', 3921),
(42703, 'Florence', 3921),
(42704, 'Flowing Wells', 3921),
(42705, 'Fort Mohave', 3921),
(42706, 'Fortuna Foothills', 3921),
(42707, 'Fountain Hills', 3921),
(42708, 'Gilbert', 3921),
(42709, 'Glendale', 3921),
(42710, 'Globe', 3921),
(42711, 'Goodyear', 3921),
(42712, 'Green Valley', 3921),
(42713, 'Kingman', 3921),
(42714, 'Lake Havasu City', 3921),
(42715, 'Laveen', 3921),
(42716, 'Litchfield Park', 3921),
(42717, 'Marana', 3921),
(42718, 'Mesa', 3921),
(42719, 'New Kingman-Butler', 3921),
(42720, 'Nogales', 3921),
(42721, 'Oracle', 3921),
(42722, 'Oro Valley', 3921),
(42723, 'Paradise Valley', 3921),
(42724, 'Parker', 3921),
(42725, 'Payson', 3921),
(42726, 'Peoria', 3921),
(42727, 'Phoenix', 3921),
(42728, 'Pine', 3921),
(42729, 'Pinetop', 3921),
(42730, 'Prescott', 3921),
(42731, 'Prescott Valley', 3921),
(42732, 'Quartzsite', 3921),
(42733, 'Queen Creek', 3921),
(42734, 'Rio Rico', 3921),
(42735, 'Safford', 3921),
(42736, 'San Luis', 3921),
(42737, 'Scottsdale', 3921),
(42738, 'Sedona', 3921),
(42739, 'Sierra Vista', 3921),
(42740, 'Sierra Vista Southeast', 3921),
(42741, 'Sun City', 3921),
(42742, 'Sun City West', 3921),
(42743, 'Surprise', 3921),
(42744, 'Tempe', 3921),
(42745, 'Tombstone', 3921),
(42746, 'Tucson', 3921),
(42747, 'Winslow', 3921),
(42748, 'Yuma', 3921),
(42749, 'Alexander', 3922),
(42750, 'Arkadelphia', 3922),
(42751, 'Batesville', 3922),
(42752, 'Bella Vista', 3922),
(42753, 'Benton', 3922),
(42754, 'Bentonville', 3922),
(42755, 'Berryville', 3922),
(42756, 'Blytheville', 3922),
(42757, 'Cabot', 3922),
(42758, 'Camden', 3922),
(42759, 'Cherry Valley', 3922),
(42760, 'Conway', 3922),
(42761, 'Corning', 3922),
(42762, 'El Dorado', 3922),
(42763, 'Fayetteville', 3922),
(42764, 'Forrest City', 3922),
(42765, 'Fort Smith', 3922),
(42766, 'Harrison', 3922),
(42767, 'Hope', 3922),
(42768, 'Hot Springs', 3922),
(42769, 'Jacksonville', 3922),
(42770, 'Jonesboro', 3922),
(42771, 'Lake City', 3922),
(42772, 'Little Rock', 3922),
(42773, 'Magnolia', 3922),
(42774, 'Mount Vernon', 3922),
(42775, 'Mountain Home', 3922),
(42776, 'Norfork', 3922),
(42777, 'North Little Rock', 3922),
(42778, 'Paragould', 3922),
(42779, 'Piggott', 3922),
(42780, 'Pine Bluff', 3922),
(42781, 'Pocahontas', 3922),
(42782, 'Prescott', 3922),
(42783, 'Quitman', 3922),
(42784, 'Rogers', 3922),
(42785, 'Russellville', 3922),
(42786, 'Searcy', 3922),
(42787, 'Sheridan', 3922),
(42788, 'Sherwood', 3922),
(42789, 'Siloam Springs', 3922),
(42790, 'Springdale', 3922),
(42791, 'Stuttgart', 3922),
(42792, 'Texarkana', 3922),
(42793, 'Van Buren', 3922),
(42794, 'Ward', 3922),
(42795, 'West Helena', 3922),
(42796, 'West Memphis', 3922),
(42797, 'Wynne', 3922),
(42798, 'Acton', 3924),
(42799, 'Adelanto', 3924),
(42800, 'Agoura Hills', 3924),
(42801, 'Aguanga', 3924),
(42802, 'Alameda', 3924),
(42803, 'Alamo', 3924),
(42804, 'Albany', 3924),
(42805, 'Alhambra', 3924),
(42806, 'Aliso Viejo', 3924),
(42807, 'Alondra Park', 3924),
(42808, 'Alpine', 3924),
(42809, 'Alta Loma', 3924),
(42810, 'Altadena', 3924),
(42811, 'American Canyon', 3924),
(42812, 'Anaheim', 3924),
(42813, 'Anderson', 3924),
(42814, 'Antelope', 3924),
(42815, 'Antioch', 3924),
(42816, 'Apple Valley', 3924),
(42817, 'Aptos', 3924),
(42818, 'Arcadia', 3924),
(42819, 'Arcata', 3924),
(42820, 'Arden-Arcade', 3924),
(42821, 'Arroyo Grande', 3924),
(42822, 'Artesia', 3924),
(42823, 'Arvin', 3924),
(42824, 'Ashland', 3924),
(42825, 'Atascadero', 3924),
(42826, 'Atwater', 3924),
(42827, 'Auburn', 3924),
(42828, 'Avalon', 3924),
(42829, 'Avenal', 3924),
(42830, 'Avocado Heights', 3924),
(42831, 'Azusa', 3924),
(42832, 'Bakersfield', 3924),
(42833, 'Baldwin Park', 3924),
(42834, 'Banning', 3924),
(42835, 'Barstow', 3924),
(42836, 'Bay Point', 3924),
(42837, 'Baywood-Los Osos', 3924),
(42838, 'Bear Valley Springs', 3924),
(42839, 'Beaumont', 3924),
(42840, 'Bell', 3924),
(42841, 'Bell Gardens', 3924),
(42842, 'Bellflower', 3924),
(42843, 'Belmont', 3924),
(42844, 'Ben Lomond', 3924),
(42845, 'Benicia', 3924),
(42846, 'Berkeley', 3924),
(42847, 'Beverly Hills', 3924),
(42848, 'Big Bear Lake', 3924),
(42849, 'Bloomington', 3924),
(42850, 'Blythe', 3924),
(42851, 'Bonita', 3924),
(42852, 'Bostonia', 3924),
(42853, 'Brawley', 3924),
(42854, 'Brea', 3924),
(42855, 'Brentwood', 3924),
(42856, 'Brisbane', 3924),
(42857, 'Brookdale', 3924),
(42858, 'Buena Park', 3924),
(42859, 'Burbank', 3924),
(42860, 'Burlingame', 3924),
(42861, 'Burnham', 3924),
(42862, 'Byron', 3924),
(42863, 'Calabasas', 3924),
(42864, 'Calexico', 3924),
(42865, 'California City', 3924),
(42866, 'Camarillo', 3924),
(42867, 'Cameron Park', 3924),
(42868, 'Camino', 3924),
(42869, 'Camp Pendleton North', 3924),
(42870, 'Camp Pendleton South', 3924),
(42871, 'Campbell', 3924),
(42872, 'Canoga Park', 3924),
(42873, 'Canyon Lake', 3924),
(42874, 'Capitola', 3924),
(42875, 'Carlsbad', 3924),
(42876, 'Carmel', 3924),
(42877, 'Carmel Valley', 3924),
(42878, 'Carmichael', 3924),
(42879, 'Carpinteria', 3924),
(42880, 'Carson', 3924),
(42881, 'Casa de Oro-Mount Helix', 3924),
(42882, 'Castaic', 3924),
(42883, 'Castro Valley', 3924),
(42884, 'Cathedral City', 3924),
(42885, 'Cayucos', 3924),
(42886, 'Ceres', 3924),
(42887, 'Cerritos', 3924),
(42888, 'Charter Oak', 3924),
(42889, 'Chatsworth', 3924),
(42890, 'Cherryland', 3924),
(42891, 'Chico', 3924),
(42892, 'Chino', 3924),
(42893, 'Chino Hills', 3924),
(42894, 'Chula Vista', 3924),
(42895, 'Citrus', 3924),
(42896, 'Citrus Heights', 3924),
(42897, 'City of Commerce', 3924),
(42898, 'City of Industry', 3924),
(42899, 'Claremont', 3924),
(42900, 'Clearlake', 3924),
(42901, 'Clovis', 3924),
(42902, 'Coachella', 3924),
(42903, 'Coalinga', 3924),
(42904, 'Colfax', 3924),
(42905, 'Colton', 3924),
(42906, 'Colusa', 3924),
(42907, 'Commerce', 3924),
(42908, 'Compton', 3924),
(42909, 'Concord', 3924),
(42910, 'Corcoran', 3924),
(42911, 'Corning', 3924),
(42912, 'Corona', 3924),
(42913, 'Coronado', 3924),
(42914, 'Corte Madera', 3924),
(42915, 'Costa Mesa', 3924),
(42916, 'Cotati', 3924),
(42917, 'Cottonwood', 3924),
(42918, 'Country Club', 3924),
(42919, 'Covina', 3924),
(42920, 'Crestline', 3924),
(42921, 'Cudahy', 3924),
(42922, 'Culver City', 3924),
(42923, 'Cupertino', 3924),
(42924, 'Cypress', 3924),
(42925, 'Daly City', 3924),
(42926, 'Dana Point', 3924),
(42927, 'Danville', 3924),
(42928, 'Davis', 3924),
(42929, 'Del Mar', 3924),
(42930, 'Delano', 3924),
(42931, 'Desert Hot Springs', 3924),
(42932, 'Diamond Bar', 3924),
(42933, 'Dinuba', 3924),
(42934, 'Dixon', 3924),
(42935, 'Downey', 3924),
(42936, 'Duarte', 3924),
(42937, 'Dublin', 3924),
(42938, 'East Foothills', 3924),
(42939, 'East Hemet', 3924),
(42940, 'East La Mirada', 3924),
(42941, 'East Palo Alto', 3924),
(42942, 'East San Gabriel', 3924),
(42943, 'El Cajon', 3924),
(42944, 'El Centro', 3924),
(42945, 'El Cerrito', 3924),
(42946, 'El Granada', 3924),
(42947, 'El Monte', 3924),
(42948, 'El Paso de Robles', 3924),
(42949, 'El Segundo', 3924),
(42950, 'El Sobrante', 3924),
(42951, 'Elk Grove', 3924),
(42952, 'Emeryville', 3924),
(42953, 'Encinitas', 3924),
(42954, 'Encino', 3924),
(42955, 'Escondido', 3924),
(42956, 'Etna', 3924),
(42957, 'Eureka', 3924),
(42958, 'Exeter', 3924),
(42959, 'Fair Oaks', 3924),
(42960, 'Fairfax', 3924),
(42961, 'Fairfield', 3924),
(42962, 'Fairview', 3924),
(42963, 'Fallbrook', 3924),
(42964, 'Ferndale', 3924),
(42965, 'Fillmore', 3924),
(42966, 'Florence-Graham', 3924),
(42967, 'Florin', 3924),
(42968, 'Folsom', 3924),
(42969, 'Fontana', 3924),
(42970, 'Foothill Farms', 3924),
(42971, 'Foothill Ranch', 3924),
(42972, 'Forestville', 3924),
(42973, 'Fort Bragg', 3924),
(42974, 'Fortuna', 3924),
(42975, 'Foster City', 3924),
(42976, 'Fountain Valley', 3924),
(42977, 'Freedom', 3924),
(42978, 'Fremont', 3924),
(42979, 'Fresno', 3924),
(42980, 'Fullerton', 3924),
(42981, 'Galt', 3924),
(42982, 'Garberville', 3924),
(42983, 'Garden Acres', 3924),
(42984, 'Garden Grove', 3924),
(42985, 'Gardena', 3924),
(42986, 'Georgetown', 3924),
(42987, 'Gilroy', 3924),
(42988, 'Glen Avon', 3924),
(42989, 'Glendale', 3924),
(42990, 'Glendora', 3924),
(42991, 'Goleta', 3924),
(42992, 'Gonzales', 3924),
(42993, 'Granada Hills', 3924),
(42994, 'Grand Terrace', 3924),
(42995, 'Grass Valley', 3924),
(42996, 'Greenfield', 3924),
(42997, 'Grover Beach', 3924),
(42998, 'Gualala', 3924),
(42999, 'Guerneville', 3924),
(43000, 'Hacienda Heights', 3924),
(43001, 'Half Moon Bay', 3924),
(43002, 'Hanford', 3924),
(43003, 'Harbor City', 3924),
(43004, 'Hawaiian Gardens', 3924),
(43005, 'Hawthorne', 3924),
(43006, 'Hayward', 3924),
(43007, 'Hemet', 3924),
(43008, 'Hercules', 3924),
(43009, 'Hermosa Beach', 3924),
(43010, 'Hesperia', 3924),
(43011, 'Highland', 3924),
(43012, 'Hillsborough', 3924),
(43013, 'Hollister', 3924),
(43014, 'Hollywood', 3924),
(43015, 'Huntington Beach', 3924),
(43016, 'Huntington Park', 3924),
(43017, 'Idyllwild', 3924),
(43018, 'Imperial Beach', 3924),
(43019, 'Indio', 3924),
(43020, 'Industry', 3924),
(43021, 'Inglewood', 3924),
(43022, 'Irvine', 3924),
(43023, 'Irwindale', 3924),
(43024, 'Isla Vista', 3924),
(43025, 'Jackson', 3924),
(43026, 'Jamul', 3924),
(43027, 'La Canada Flintridge', 3924),
(43028, 'La Crescenta-Montrose', 3924),
(43029, 'La Habra', 3924),
(43030, 'La Jolla', 3924),
(43031, 'La Mesa', 3924),
(43032, 'La Mirada', 3924),
(43033, 'La Palma', 3924),
(43034, 'La Presa', 3924),
(43035, 'La Puente', 3924),
(43036, 'La Quinta', 3924),
(43037, 'La Riviera', 3924),
(43038, 'La Verne', 3924),
(43039, 'LaVerne', 3924),
(43040, 'Ladera Ranch', 3924),
(43041, 'Lafayette', 3924),
(43042, 'Laguna', 3924),
(43043, 'Laguna Beach', 3924),
(43044, 'Laguna Hills', 3924),
(43045, 'Laguna Niguel', 3924),
(43046, 'Lake Elsinore', 3924),
(43047, 'Lake Forest', 3924),
(43048, 'Lakeside', 3924),
(43049, 'Lakewood', 3924),
(43050, 'Lamont', 3924),
(43051, 'Lancaster', 3924),
(43052, 'Larkspur', 3924),
(43053, 'Lawndale', 3924),
(43054, 'Laytonville', 3924),
(43055, 'Lemon Grove', 3924),
(43056, 'Lemoore', 3924),
(43057, 'Lennox', 3924),
(43058, 'Linda', 3924),
(43059, 'Lindsay', 3924),
(43060, 'Live Oak', 3924),
(43061, 'Livermore', 3924),
(43062, 'Livingston', 3924),
(43063, 'Lodi', 3924),
(43064, 'Loma Linda', 3924),
(43065, 'Lomita', 3924),
(43066, 'Lompoc', 3924),
(43067, 'Long Beach', 3924),
(43068, 'Los Alamitos', 3924),
(43069, 'Los Altos', 3924),
(43070, 'Los Angeles', 3924),
(43071, 'Los Angeles East', 3924),
(43072, 'Los Banos', 3924),
(43073, 'Los Gatos', 3924),
(43074, 'Los Olivos', 3924),
(43075, 'Lynwood', 3924),
(43076, 'MacKinleyville', 3924),
(43077, 'Madera', 3924),
(43078, 'Magalia', 3924),
(43079, 'Malibu', 3924),
(43080, 'Mammoth Lakes', 3924),
(43081, 'Manhattan Beach', 3924),
(43082, 'Manteca', 3924),
(43083, 'Marina', 3924),
(43084, 'Marina del Rey', 3924),
(43085, 'Mariposa', 3924),
(43086, 'Marshall', 3924),
(43087, 'Martinez', 3924),
(43088, 'Marysville', 3924),
(43089, 'Maywood', 3924),
(43090, 'Menlo Park', 3924),
(43091, 'Merced', 3924),
(43092, 'Middletown', 3924),
(43093, 'Midway City', 3924),
(43094, 'Mill Valley', 3924),
(43095, 'Millbrae', 3924),
(43096, 'Milpitas', 3924),
(43097, 'Mira Loma', 3924),
(43098, 'Miranda', 3924),
(43099, 'Mission Viejo', 3924),
(43100, 'Modesto', 3924),
(43101, 'Monclair', 3924),
(43102, 'Monrovia', 3924),
(43103, 'Montara', 3924),
(43104, 'Montclair', 3924),
(43105, 'Montebello', 3924),
(43106, 'Montecito', 3924),
(43107, 'Monterey', 3924),
(43108, 'Monterey Park', 3924),
(43109, 'Moorpark', 3924),
(43110, 'Moraga Town', 3924),
(43111, 'Moreno Valley', 3924),
(43112, 'Morgan Hill', 3924),
(43113, 'Morro Bay', 3924),
(43114, 'Moss Beach', 3924),
(43115, 'Mount Shasta', 3924),
(43116, 'Mountain View', 3924),
(43117, 'Murrieta', 3924),
(43118, 'N. Hollywood', 3924),
(43119, 'Napa', 3924),
(43120, 'National City', 3924),
(43121, 'Nevada City', 3924),
(43122, 'Newark', 3924),
(43123, 'Newport Beach', 3924),
(43124, 'Norco', 3924),
(43125, 'North Auburn', 3924),
(43126, 'North Fair Oaks', 3924),
(43127, 'North Fork', 3924),
(43128, 'North Highlands', 3924),
(43129, 'North Hills', 3924),
(43130, 'North Hollywood', 3924),
(43131, 'Northridge', 3924),
(43132, 'Norwalk', 3924),
(43133, 'Novato', 3924),
(43134, 'Nuevo', 3924),
(43135, 'Oak View', 3924),
(43136, 'Oakdale', 3924),
(43137, 'Oakhurst', 3924),
(43138, 'Oakland', 3924),
(43139, 'Oakley', 3924),
(43140, 'Oceanside', 3924),
(43141, 'Oildale', 3924),
(43142, 'Ojai', 3924),
(43143, 'Olivehurst', 3924),
(43144, 'Ontario', 3924),
(43145, 'Orange', 3924),
(43146, 'Orangevale', 3924),
(43147, 'Orcutt', 3924),
(43148, 'Oregon House', 3924),
(43149, 'Orinda', 3924),
(43150, 'Oroville', 3924),
(43151, 'Oxnard', 3924),
(43152, 'Pacific Grove', 3924),
(43153, 'Pacific Palisades', 3924),
(43154, 'Pacifica', 3924),
(43155, 'Pacoima', 3924),
(43156, 'Pajaro', 3924),
(43157, 'Palm Desert', 3924),
(43158, 'Palm Springs', 3924),
(43159, 'Palmdale', 3924),
(43160, 'Palo Alto', 3924),
(43161, 'Palos Verdes Estates', 3924),
(43162, 'Pamona', 3924),
(43163, 'Panorama City', 3924),
(43164, 'Paradise', 3924),
(43165, 'Paramount', 3924),
(43166, 'Parkway-South Sacramento', 3924),
(43167, 'Parlier', 3924),
(43168, 'Pasadena', 3924),
(43169, 'Patterson', 3924),
(43170, 'Pedley', 3924),
(43171, 'Perris', 3924),
(43172, 'Petaluma', 3924),
(43173, 'Pico Rivera', 3924),
(43174, 'Piedmont', 3924),
(43175, 'Pinole', 3924),
(43176, 'Pismo Beach', 3924),
(43177, 'Pittsburg', 3924),
(43178, 'Placentia', 3924),
(43179, 'Placerville', 3924),
(43180, 'Playa del Rey', 3924),
(43181, 'Pleasant Hill', 3924),
(43182, 'Pleasanton', 3924),
(43183, 'Plymouth', 3924),
(43184, 'Point Reyes Station', 3924),
(43185, 'Pollock Pines', 3924),
(43186, 'Pomona', 3924),
(43187, 'Port Costa', 3924),
(43188, 'Port Hueneme', 3924),
(43189, 'Porterville', 3924),
(43190, 'Poway', 3924),
(43191, 'Quartz Hill', 3924),
(43192, 'Ramona', 3924),
(43193, 'Rancho Cordova', 3924),
(43194, 'Rancho Cucamonga', 3924),
(43195, 'Rancho Dominguez', 3924),
(43196, 'Rancho Mirage', 3924),
(43197, 'Rancho Murieta', 3924),
(43198, 'Rancho Palos Verdes', 3924),
(43199, 'Rancho San Diego', 3924),
(43200, 'Rancho Santa Margarita', 3924),
(43201, 'Red Bluff', 3924),
(43202, 'Redding', 3924),
(43203, 'Redlands', 3924),
(43204, 'Redondo Beach', 3924),
(43205, 'Redway', 3924),
(43206, 'Redwood City', 3924),
(43207, 'Reedley', 3924),
(43208, 'Reseda', 3924),
(43209, 'Rialto', 3924),
(43210, 'Richmond', 3924),
(43211, 'Ridgecrest', 3924),
(43212, 'Rio Linda', 3924),
(43213, 'Rio Nido', 3924),
(43214, 'Rio del Mar', 3924),
(43215, 'Riverbank', 3924),
(43216, 'Riverside', 3924),
(43217, 'Rocklin', 3924),
(43218, 'Rohnert Park', 3924),
(43219, 'Rolling Hills', 3924),
(43220, 'Rosamond', 3924),
(43221, 'Roseland', 3924),
(43222, 'Rosemead', 3924),
(43223, 'Rosemont', 3924),
(43224, 'Roseville', 3924),
(43225, 'Rossmoor', 3924),
(43226, 'Rowland Heights', 3924),
(43227, 'Rubidoux', 3924),
(43228, 'Sacramento', 3924),
(43229, 'Salinas', 3924),
(43230, 'San Anselmo', 3924),
(43231, 'San Bernardino', 3924),
(43232, 'San Bruno', 3924),
(43233, 'San Buenaventura', 3924),
(43234, 'San Carlos', 3924),
(43235, 'San Clemente', 3924),
(43236, 'San Diego', 3924),
(43237, 'San Dimas', 3924),
(43238, 'San Fernando', 3924),
(43239, 'San Francisco', 3924),
(43240, 'San Gabriel', 3924),
(43241, 'San Jacinto', 3924),
(43242, 'San Jose', 3924),
(43243, 'San Juan Capistrano', 3924),
(43244, 'San Leandro', 3924),
(43245, 'San Lorenzo', 3924),
(43246, 'San Luis Obispo', 3924),
(43247, 'San Marcos', 3924),
(43248, 'San Marino', 3924),
(43249, 'San Mateo', 3924),
(43250, 'San Pablo', 3924),
(43251, 'San Pedro', 3924),
(43252, 'San Rafael', 3924),
(43253, 'San Ramon', 3924),
(43254, 'San Ysidro', 3924),
(43255, 'Sanger', 3924),
(43256, 'Santa Ana', 3924),
(43257, 'Santa Barbara', 3924),
(43258, 'Santa Clara', 3924),
(43259, 'Santa Clarita', 3924),
(43260, 'Santa Cruz', 3924),
(43261, 'Santa Fe Springs', 3924),
(43262, 'Santa Maria', 3924),
(43263, 'Santa Monica', 3924),
(43264, 'Santa Paula', 3924),
(43265, 'Santa Rosa', 3924),
(43266, 'Santa Ynez', 3924),
(43267, 'Santee', 3924),
(43268, 'Saratoga', 3924),
(43269, 'Sausalito', 3924),
(43270, 'Scotts Valley', 3924),
(43271, 'Seal Beach', 3924),
(43272, 'Seaside', 3924),
(43273, 'Sebastopol', 3924),
(43274, 'Selma', 3924),
(43275, 'Shafter', 3924),
(43276, 'Sherman Oaks', 3924),
(43277, 'Sierra Madre', 3924),
(43278, 'Signal Hill', 3924),
(43279, 'Simi Valley', 3924),
(43280, 'Solana Beach', 3924),
(43281, 'Soledad', 3924),
(43282, 'Solvang', 3924),
(43283, 'Sonoma', 3924),
(43284, 'Sonora', 3924),
(43285, 'Soquel', 3924),
(43286, 'South El Monte', 3924),
(43287, 'South Gate', 3924),
(43288, 'South Lake Tahoe', 3924),
(43289, 'South Pasadena', 3924),
(43290, 'South San Francisco', 3924),
(43291, 'South San Jose Hills', 3924),
(43292, 'South Whittier', 3924),
(43293, 'South Yuba City', 3924),
(43294, 'Spring Valley', 3924),
(43295, 'St. Helena', 3924),
(43296, 'Stanford', 3924),
(43297, 'Stanton', 3924),
(43298, 'Stevenson Ranch', 3924),
(43299, 'Stockton', 3924),
(43300, 'Strathmore', 3924),
(43301, 'Studio City', 3924),
(43302, 'Suisun City', 3924),
(43303, 'Sun City', 3924),
(43304, 'Sun Valley', 3924),
(43305, 'Sunland', 3924),
(43306, 'Sunnyvale', 3924),
(43307, 'Susanville', 3924),
(43308, 'Sutter', 3924),
(43309, 'Sylmar', 3924),
(43310, 'Tahoe City', 3924),
(43311, 'Tamalpais-Homestead Valley', 3924),
(43312, 'Tarzana', 3924),
(43313, 'Tehachapi', 3924),
(43314, 'Temecula', 3924),
(43315, 'Temple City', 3924),
(43316, 'Thousand Oaks', 3924),
(43317, 'Tiburon', 3924),
(43318, 'Topanga', 3924),
(43319, 'Torrance', 3924),
(43320, 'Trabuco Canyon', 3924),
(43321, 'Tracy', 3924),
(43322, 'Trinidad', 3924),
(43323, 'Trona', 3924),
(43324, 'Truckee', 3924),
(43325, 'Tujunga', 3924),
(43326, 'Tulare', 3924),
(43327, 'Turlock', 3924),
(43328, 'Tustin', 3924),
(43329, 'Tustin Foothills', 3924),
(43330, 'Twentynine Palms', 3924),
(43331, 'Twentynine Palms Base', 3924),
(43332, 'Ukiah', 3924),
(43333, 'Union City', 3924),
(43334, 'Upland', 3924),
(43335, 'Vacaville', 3924),
(43336, 'Valencia', 3924),
(43337, 'Valinda', 3924),
(43338, 'Valle Vista', 3924),
(43339, 'Vallejo', 3924),
(43340, 'Valley Center', 3924),
(43341, 'Valley Glen', 3924),
(43342, 'Valley Village', 3924),
(43343, 'Van Nuys', 3924),
(43344, 'Vandenberg Air Force Base', 3924),
(43345, 'Venice', 3924),
(43346, 'Ventura', 3924),
(43347, 'Vernon', 3924),
(43348, 'Victorville', 3924),
(43349, 'View Park-Windsor Hills', 3924),
(43350, 'Vincent', 3924),
(43351, 'Visalia', 3924),
(43352, 'Vista', 3924),
(43353, 'Walnut', 3924),
(43354, 'Walnut Creek', 3924),
(43355, 'Walnut Park', 3924),
(43356, 'Wasco', 3924),
(43357, 'Waterford', 3924),
(43358, 'Watsonville', 3924),
(43359, 'West Athens', 3924),
(43360, 'West Carson', 3924),
(43361, 'West Covina', 3924),
(43362, 'West Hills', 3924),
(43363, 'West Hollywood', 3924),
(43364, 'West Puente Valley', 3924),
(43365, 'West Sacramento', 3924),
(43366, 'West Whittier-Los Nietos', 3924),
(43367, 'Westlake Village', 3924),
(43368, 'Westminster', 3924),
(43369, 'Westmont', 3924),
(43370, 'Whittier', 3924),
(43371, 'Wildomar', 3924),
(43372, 'Willits', 3924),
(43373, 'Willowbrook', 3924),
(43374, 'Wilmington', 3924),
(43375, 'Windsor', 3924),
(43376, 'Woodland', 3924),
(43377, 'Woodland Hills', 3924),
(43378, 'Yorba Linda', 3924),
(43379, 'Yreka', 3924),
(43380, 'Yuba City', 3924),
(43381, 'Yucaipa', 3924),
(43382, 'Yucca Valley', 3924),
(43383, 'Air Force Academy', 3926),
(43384, 'Alamosa', 3926),
(43385, 'Applewood', 3926),
(43386, 'Arvada', 3926),
(43387, 'Aspen', 3926),
(43388, 'Aurora', 3926),
(43389, 'Avon', 3926),
(43390, 'Basalt', 3926),
(43391, 'Bellvue', 3926),
(43392, 'Black Forest', 3926),
(43393, 'Boulder', 3926),
(43394, 'Brighton', 3926),
(43395, 'Broomfield', 3926),
(43396, 'Canon City', 3926),
(43397, 'Carbondale', 3926),
(43398, 'Castle Rock', 3926),
(43399, 'Castlewood', 3926),
(43400, 'Centennial', 3926),
(43401, 'Cimarron Hills', 3926),
(43402, 'Clifton', 3926),
(43403, 'Colorado Springs', 3926),
(43404, 'Columbine', 3926),
(43405, 'Commerce City', 3926),
(43406, 'Cortez', 3926),
(43407, 'Crawford', 3926),
(43408, 'Denver', 3926),
(43409, 'Durango', 3926),
(43410, 'Edwards', 3926),
(43411, 'Elizabeth', 3926),
(43412, 'Englewood', 3926),
(43413, 'Estes Park', 3926),
(43414, 'Evergreen', 3926),
(43415, 'Federal Heights', 3926),
(43416, 'Fort Carson', 3926),
(43417, 'Fort Collins', 3926),
(43418, 'Fort Morgan', 3926),
(43419, 'Fountain', 3926),
(43420, 'Golden', 3926),
(43421, 'Grand Junction', 3926),
(43422, 'Greeley', 3926),
(43423, 'Greenwood Village', 3926),
(43424, 'Gunbarrel', 3926),
(43425, 'Highlands Ranch', 3926),
(43426, 'Holly', 3926),
(43427, 'Ken Caryl', 3926),
(43428, 'Lafayette', 3926),
(43429, 'Lakewood', 3926),
(43430, 'Littleton', 3926),
(43431, 'Longmont', 3926),
(43432, 'Louisville', 3926),
(43433, 'Loveland', 3926),
(43434, 'Lyons', 3926),
(43435, 'Montrose', 3926),
(43436, 'Monument', 3926),
(43437, 'Nederland', 3926),
(43438, 'Niwot', 3926),
(43439, 'Northglenn', 3926),
(43440, 'Pagosa Springs', 3926),
(43441, 'Parker', 3926),
(43442, 'Penrose', 3926),
(43443, 'Peyton', 3926),
(43444, 'Pueblo', 3926),
(43445, 'Redlands', 3926),
(43446, 'Ridgway', 3926),
(43447, 'Rifle', 3926),
(43448, 'Rocky Ford', 3926),
(43449, 'Sanford', 3926),
(43450, 'Security-Widefield', 3926),
(43451, 'Sherrelwood', 3926),
(43452, 'Silver Cliff', 3926),
(43453, 'Snowmass Village', 3926),
(43454, 'Southglenn', 3926),
(43455, 'Steamboat Springs', 3926),
(43456, 'Sterling', 3926),
(43457, 'Superior', 3926),
(43458, 'Telluride', 3926),
(43459, 'Thornton', 3926),
(43460, 'Vail', 3926),
(43461, 'Welby', 3926),
(43462, 'Westcliffe', 3926),
(43463, 'Westminster', 3926),
(43464, 'Wheat Ridge', 3926),
(43465, 'Woodland Park', 3926),
(43466, 'Ansonia', 3927),
(43467, 'Avon', 3927),
(43468, 'Bethel', 3927),
(43469, 'Bethlehem', 3927),
(43470, 'Bloomfield', 3927),
(43471, 'Branford', 3927),
(43472, 'Bridgeport', 3927),
(43473, 'Bristol', 3927),
(43474, 'Canaan', 3927),
(43475, 'Canton', 3927),
(43476, 'Central Manchester', 3927),
(43477, 'Cheshire', 3927),
(43478, 'Colchester', 3927),
(43479, 'Conning Towers-Nautilus Park', 3927),
(43480, 'Coscob', 3927),
(43481, 'Cranbury', 3927),
(43482, 'Cromwell', 3927),
(43483, 'Danbury', 3927),
(43484, 'Darien', 3927),
(43485, 'Dayville', 3927),
(43486, 'Derby', 3927),
(43487, 'East Hartford', 3927),
(43488, 'East Haven', 3927),
(43489, 'Ellington', 3927),
(43490, 'Enfield', 3927),
(43491, 'Fairfield', 3927),
(43492, 'Farmington', 3927),
(43493, 'Glastonbury', 3927),
(43494, 'Greens Farms', 3927),
(43495, 'Greenwich', 3927),
(43496, 'Groton', 3927),
(43497, 'Guilford', 3927),
(43498, 'Haddam', 3927),
(43499, 'Hamden', 3927),
(43500, 'Hartford', 3927),
(43501, 'Harwinton', 3927),
(43502, 'Lakeville', 3927),
(43503, 'Lyme', 3927),
(43504, 'Madison', 3927),
(43505, 'Manchester', 3927),
(43506, 'Meriden', 3927),
(43507, 'Middletown', 3927),
(43508, 'Milford', 3927),
(43509, 'Monroe', 3927),
(43510, 'Mystic', 3927),
(43511, 'Naugatuck', 3927),
(43512, 'New Britain', 3927),
(43513, 'New Canaan', 3927),
(43514, 'New Hartford', 3927),
(43515, 'New Haven', 3927),
(43516, 'New London', 3927),
(43517, 'New Milford', 3927),
(43518, 'New Town', 3927),
(43519, 'Newington', 3927),
(43520, 'North Haven', 3927),
(43521, 'North Stonington', 3927),
(43522, 'Norwalk', 3927),
(43523, 'Norwich', 3927),
(43524, 'Old Saybrook', 3927),
(43525, 'Oneco', 3927),
(43526, 'Orange', 3927),
(43527, 'Pawcatuck', 3927),
(43528, 'Plainville', 3927),
(43529, 'Portland', 3927),
(43530, 'Putnam', 3927),
(43531, 'Riverside', 3927),
(43532, 'Rocky Hill', 3927),
(43533, 'Rowayton', 3927),
(43534, 'Sandy Hook', 3927),
(43535, 'Seymour', 3927),
(43536, 'Sharon', 3927),
(43537, 'Shelton', 3927),
(43538, 'South Windsor', 3927),
(43539, 'Southington', 3927),
(43540, 'Southport', 3927),
(43541, 'Stamford', 3927),
(43542, 'Sterling', 3927),
(43543, 'Storrs', 3927),
(43544, 'Stratford', 3927),
(43545, 'Suffield', 3927),
(43546, 'Taftville', 3927),
(43547, 'Terryville', 3927),
(43548, 'Tolland', 3927),
(43549, 'Torrington', 3927),
(43550, 'Trumbull', 3927),
(43551, 'Vernon', 3927),
(43552, 'Wallingford Center', 3927),
(43553, 'Waterbury', 3927),
(43554, 'Watertown', 3927),
(43555, 'West Hartford', 3927),
(43556, 'West Haven', 3927),
(43557, 'Weston', 3927),
(43558, 'Westport', 3927),
(43559, 'Wethersfield', 3927),
(43560, 'Willimantic', 3927),
(43561, 'Wilton', 3927),
(43562, 'Windsor', 3927),
(43563, 'Windsor Locks', 3927),
(43564, 'Winsted', 3927),
(43565, 'Woodbury', 3927),
(43566, 'Woodstock', 3927),
(43567, 'pomfret', 3927),
(43568, 'Bear', 3928),
(43569, 'Brookside', 3928),
(43570, 'Claymont', 3928),
(43571, 'Dover', 3928),
(43572, 'Dover Base Housing', 3928),
(43573, 'Edgemoor', 3928),
(43574, 'Elsmere', 3928),
(43575, 'Georgetown', 3928),
(43576, 'Greenville', 3928),
(43577, 'Middletown', 3928),
(43578, 'Milford', 3928),
(43579, 'Milton', 3928),
(43580, 'Newark', 3928),
(43581, 'Pike Creek', 3928),
(43582, 'Seaford', 3928),
(43583, 'Smyrna', 3928),
(43584, 'Stanton', 3928),
(43585, 'Talleyville', 3928),
(43586, 'Wilmington', 3928),
(43587, 'Wilmington Manor', 3928),
(43588, 'Alachua', 3930),
(43589, 'Altamonte Springs', 3930),
(43590, 'Apopka', 3930),
(43591, 'Atlantic Beach', 3930),
(43592, 'Auburndale', 3930),
(43593, 'Aventura', 3930),
(43594, 'Avon Park', 3930),
(43595, 'Azalea Park', 3930),
(43596, 'Bal Harbour', 3930),
(43597, 'Bartow', 3930),
(43598, 'Bayonet Point', 3930),
(43599, 'Bayshore Gardens', 3930),
(43600, 'Beach', 3930),
(43601, 'Bellair-Meadowbrook Terrace', 3930),
(43602, 'Belle Glade', 3930),
(43603, 'Bellview', 3930),
(43604, 'Beverly Hills', 3930),
(43605, 'Bloomingdale', 3930),
(43606, 'Boca Raton', 3930),
(43607, 'Boca del Mar', 3930),
(43608, 'Bonita Springs', 3930),
(43609, 'Boynton Beach', 3930),
(43610, 'Bradenton', 3930),
(43611, 'Brandon', 3930),
(43612, 'Brent', 3930),
(43613, 'Brooksville', 3930),
(43614, 'Brownsville', 3930),
(43615, 'Buena Ventura Lakes', 3930),
(43616, 'Bunnell', 3930),
(43617, 'Callaway', 3930),
(43618, 'Cape Coral', 3930),
(43619, 'Carol City', 3930),
(43620, 'Casselberry', 3930),
(43621, 'Catalina Foothills', 3930),
(43622, 'Celebration', 3930),
(43623, 'Century Village', 3930),
(43624, 'Citrus Park', 3930),
(43625, 'Clearwater', 3930),
(43626, 'Clermont', 3930),
(43627, 'Cocoa', 3930),
(43628, 'Cocoa Beach', 3930),
(43629, 'Coconut Creek', 3930),
(43630, 'Coconut Grove', 3930),
(43631, 'Conway', 3930),
(43632, 'Cooper City', 3930),
(43633, 'Coral Gables', 3930),
(43634, 'Coral Springs', 3930),
(43635, 'Coral Terrace', 3930),
(43636, 'Cortlandt Manor', 3930),
(43637, 'Country Club', 3930),
(43638, 'Crestview', 3930),
(43639, 'Crystal River', 3930),
(43640, 'Cutler', 3930),
(43641, 'Cutler Ridge', 3930),
(43642, 'Cypress Gardens', 3930),
(43643, 'Cypress Lake', 3930),
(43644, 'Dania', 3930),
(43645, 'Dania Beach', 3930),
(43646, 'Davie', 3930),
(43647, 'Daytona Beach', 3930),
(43648, 'De Bary', 3930),
(43649, 'De Funiak Springs', 3930),
(43650, 'De Land', 3930),
(43651, 'Debary', 3930),
(43652, 'Deer Park', 3930),
(43653, 'Deerfield Beach', 3930),
(43654, 'Del Rio', 3930),
(43655, 'Delray Beach', 3930),
(43656, 'Deltona', 3930),
(43657, 'Destin', 3930),
(43658, 'Doctor Phillips', 3930),
(43659, 'Dora', 3930),
(43660, 'Doral', 3930),
(43661, 'Dundee', 3930),
(43662, 'Dunedin', 3930),
(43663, 'East Lake', 3930),
(43664, 'Edgewater', 3930),
(43665, 'Eglin Air Force Base', 3930),
(43666, 'Egypt Lake-Leto', 3930),
(43667, 'Elfers', 3930),
(43668, 'Englewood', 3930),
(43669, 'Ensley', 3930),
(43670, 'Eustis', 3930),
(43671, 'Fairview Shores', 3930),
(43672, 'Fern Park', 3930),
(43673, 'Fernandina Beach', 3930),
(43674, 'Ferry Pass', 3930),
(43675, 'Flagler Beach', 3930),
(43676, 'Floral City', 3930),
(43677, 'Florida City', 3930),
(43678, 'Florida Ridge', 3930),
(43679, 'Forest City', 3930),
(43680, 'Fort Lauderdale', 3930),
(43681, 'Fort Myers', 3930),
(43682, 'Fort Myers Beach', 3930),
(43683, 'Fort Pierce', 3930),
(43684, 'Fort Walton Beach', 3930),
(43685, 'Freeport', 3930),
(43686, 'Fruitville', 3930),
(43687, 'Ft. Lauderdale', 3930),
(43688, 'Gainesville', 3930),
(43689, 'Gladeview', 3930),
(43690, 'Glenvar Heights', 3930),
(43691, 'Golden Gate', 3930),
(43692, 'Golden Glades', 3930),
(43693, 'Goldenrod', 3930),
(43694, 'Greater Carrollwood', 3930),
(43695, 'Greater Northdale', 3930),
(43696, 'Green Cove Springs', 3930),
(43697, 'Greenacres', 3930),
(43698, 'Gulf Gate Estates', 3930),
(43699, 'Gulfport', 3930),
(43700, 'Haines City', 3930),
(43701, 'Hallandale', 3930),
(43702, 'Hallandale Beach', 3930),
(43703, 'Hammocks', 3930),
(43704, 'Hamptons at Boca Raton', 3930),
(43705, 'Havana', 3930),
(43706, 'Hialeah', 3930),
(43707, 'Hialeah Gardens', 3930),
(43708, 'Highpoint', 3930),
(43709, 'Hobe Sound', 3930),
(43710, 'Holiday', 3930),
(43711, 'Holly Hill', 3930),
(43712, 'Hollywood', 3930),
(43713, 'Homestead', 3930),
(43714, 'Homosassa', 3930),
(43715, 'Hudson', 3930),
(43716, 'Immokalee', 3930),
(43717, 'Inverness', 3930),
(43718, 'Iona', 3930),
(43719, 'Ives Estates', 3930),
(43720, 'Jacksonville', 3930),
(43721, 'Jacksonville Beach', 3930),
(43722, 'Jasmine Estates', 3930),
(43723, 'Jensen Beach', 3930),
(43724, 'Jupiter', 3930),
(43725, 'Kendale Lakes', 3930),
(43726, 'Kendall', 3930),
(43727, 'Kendall West', 3930),
(43728, 'Key Biscayne', 3930),
(43729, 'Key Largo', 3930),
(43730, 'Key West', 3930),
(43731, 'Kings Point', 3930),
(43732, 'Kissimmee', 3930),
(43733, 'Lady Lake', 3930),
(43734, 'Lake Alfred', 3930),
(43735, 'Lake City', 3930),
(43736, 'Lake Lucerne', 3930),
(43737, 'Lake Magdalene', 3930),
(43738, 'Lake Mary', 3930),
(43739, 'Lake Placid', 3930),
(43740, 'Lake Wales', 3930),
(43741, 'Lake Worth', 3930),
(43742, 'Lakeland', 3930),
(43743, 'Lakeland Highlands', 3930),
(43744, 'Lakeside', 3930),
(43745, 'Land O\'Lakes', 3930),
(43746, 'Largo', 3930),
(43747, 'Lauderdale Lakes', 3930),
(43748, 'Lauderhill', 3930),
(43749, 'Laurel', 3930),
(43750, 'Lecanto', 3930),
(43751, 'Leesburg', 3930),
(43752, 'Lehigh Acres', 3930),
(43753, 'Leisure City', 3930),
(43754, 'Lighthouse Point', 3930),
(43755, 'Lockhart', 3930),
(43756, 'Longwood', 3930),
(43757, 'Loxahatchee', 3930),
(43758, 'Lutz', 3930),
(43759, 'Lynn Haven', 3930),
(43760, 'Madison', 3930),
(43761, 'Maitland', 3930),
(43762, 'Mango', 3930),
(43763, 'Marathon', 3930),
(43764, 'Marco', 3930),
(43765, 'Margate', 3930),
(43766, 'Medley', 3930),
(43767, 'Melbourne', 3930),
(43768, 'Merritt Island', 3930),
(43769, 'Miami', 3930),
(43770, 'Miami Beach', 3930),
(43771, 'Miami Gardens', 3930),
(43772, 'Miami Lakes', 3930),
(43773, 'Miami Shores', 3930),
(43774, 'Miami Springs', 3930),
(43775, 'Micco', 3930),
(43776, 'Milton', 3930),
(43777, 'Mims', 3930),
(43778, 'Miramar', 3930),
(43779, 'Mulberry', 3930),
(43780, 'Myrtle Grove', 3930),
(43781, 'Naples', 3930),
(43782, 'Naples Park', 3930),
(43783, 'Naranja', 3930),
(43784, 'New Port Richey', 3930),
(43785, 'New Port Richey East', 3930),
(43786, 'New Smyrna Beach', 3930),
(43787, 'Niceville', 3930),
(43788, 'Nokomis', 3930),
(43789, 'Norland', 3930),
(43790, 'North Andrews Gardens', 3930),
(43791, 'North Fort Myers', 3930),
(43792, 'North Lauderdale', 3930),
(43793, 'North Miami', 3930),
(43794, 'North Miami Beach', 3930),
(43795, 'North Naples', 3930),
(43796, 'North Palm Beach', 3930),
(43797, 'North Port', 3930),
(43798, 'Oak Ridge', 3930),
(43799, 'Oakland Park', 3930),
(43800, 'Ocala', 3930),
(43801, 'Ocoee', 3930),
(43802, 'Ojus', 3930),
(43803, 'Okeechobee', 3930),
(43804, 'Oldsmar', 3930),
(43805, 'Olympia Heights', 3930),
(43806, 'Opa-locka', 3930),
(43807, 'Orange City', 3930),
(43808, 'Orange Park', 3930),
(43809, 'Orlando', 3930),
(43810, 'Ormond Beach', 3930),
(43811, 'Ormond-by-the-Sea', 3930),
(43812, 'Osprey', 3930),
(43813, 'Oviedo', 3930),
(43814, 'Palatka', 3930),
(43815, 'Palm Bay', 3930),
(43816, 'Palm Beach', 3930),
(43817, 'Palm Beach Gardens', 3930),
(43818, 'Palm City', 3930),
(43819, 'Palm Coast', 3930),
(43820, 'Palm Harbor', 3930),
(43821, 'Palm River-Clair Mel', 3930),
(43822, 'Palm Valley', 3930),
(43823, 'Palmetto', 3930),
(43824, 'Palmetto Estates', 3930),
(43825, 'Panama City', 3930),
(43826, 'Parkland', 3930),
(43827, 'Pembroke Park', 3930),
(43828, 'Pembroke Pines', 3930),
(43829, 'Pensacola', 3930),
(43830, 'Perrine', 3930),
(43831, 'Pine Castle', 3930),
(43832, 'Pine Hills', 3930),
(43833, 'Pinellas Park', 3930),
(43834, 'Pinewood', 3930),
(43835, 'Plant City', 3930),
(43836, 'Plantation', 3930),
(43837, 'Pompano Beach', 3930),
(43838, 'Pompano Beach Highlands', 3930),
(43839, 'Ponte Vedra', 3930),
(43840, 'Port Charlotte', 3930),
(43841, 'Port Orange', 3930),
(43842, 'Port Saint John', 3930),
(43843, 'Port Saint Lucie', 3930),
(43844, 'Punta Gorda', 3930),
(43845, 'Quincy', 3930),
(43846, 'Redington Shores', 3930),
(43847, 'Richmond Heights', 3930),
(43848, 'Richmond West', 3930),
(43849, 'Riverview', 3930),
(43850, 'Riviera Beach', 3930),
(43851, 'Rockledge', 3930),
(43852, 'Royal Palm Beach', 3930),
(43853, 'Safety Harbor', 3930),
(43854, 'Saint Augustine', 3930),
(43855, 'Saint Cloud', 3930),
(43856, 'Saint Petersburg', 3930),
(43857, 'Saint Petersburg Beach', 3930),
(43858, 'San Carlos Park', 3930),
(43859, 'Sandalfoot Cove', 3930),
(43860, 'Sanford', 3930),
(43861, 'Sanibel', 3930),
(43862, 'Sarasota', 3930),
(43863, 'Sarasota Springs', 3930),
(43864, 'Satellite Beach', 3930),
(43865, 'Scott Lake', 3930),
(43866, 'Sebastian', 3930),
(43867, 'Seminole', 3930),
(43868, 'Shalimar', 3930),
(43869, 'South Bradenton', 3930),
(43870, 'South Daytona', 3930),
(43871, 'South Miami', 3930),
(43872, 'South Miami Heights', 3930),
(43873, 'South Patrick Shores', 3930),
(43874, 'South Venice', 3930),
(43875, 'Spring Hill', 3930),
(43876, 'Stuart', 3930),
(43877, 'Sun City Center', 3930),
(43878, 'Sunny Isles', 3930),
(43879, 'Sunrise', 3930),
(43880, 'Sunset', 3930),
(43881, 'Sweetwater', 3930),
(43882, 'Tallahassee', 3930),
(43883, 'Tamarac', 3930),
(43884, 'Tamiami', 3930),
(43885, 'Tampa', 3930),
(43886, 'Tarpon Springs', 3930),
(43887, 'Temple Terrace', 3930),
(43888, 'The Crossings', 3930),
(43889, 'The Hammocks', 3930),
(43890, 'Titusville', 3930),
(43891, 'Town\'n\'Country', 3930),
(43892, 'University', 3930),
(43893, 'University Park', 3930),
(43894, 'Valrico', 3930),
(43895, 'Venice', 3930),
(43896, 'Vero Beach', 3930),
(43897, 'Vero Beach South', 3930),
(43898, 'Villas', 3930),
(43899, 'Warrington', 3930),
(43900, 'Wekiva Springs', 3930),
(43901, 'Wellington', 3930),
(43902, 'Wesley Chapel', 3930),
(43903, 'West Little River', 3930),
(43904, 'West Palm Beach', 3930),
(43905, 'West Park', 3930),
(43906, 'West Pensacola', 3930),
(43907, 'West and East Lealman', 3930),
(43908, 'Westchester', 3930),
(43909, 'Weston', 3930),
(43910, 'Westview', 3930),
(43911, 'Westwood Lakes', 3930),
(43912, 'Wilton Manors', 3930),
(43913, 'Windermere', 3930),
(43914, 'Winston', 3930),
(43915, 'Winter Garden', 3930),
(43916, 'Winter Haven', 3930),
(43917, 'Winter Park', 3930),
(43918, 'Winter Springs', 3930),
(43919, 'Wright', 3930),
(43920, 'Yeehaw Junction', 3930),
(43921, 'Acworth', 3931),
(43922, 'Adel', 3931),
(43923, 'Albany', 3931),
(43924, 'Alma', 3931),
(43925, 'Alpharetta', 3931),
(43926, 'Americus', 3931),
(43927, 'Athens', 3931),
(43928, 'Athens-Clarke', 3931),
(43929, 'Atlanta', 3931),
(43930, 'Auburn', 3931),
(43931, 'Augusta-Richmond', 3931),
(43932, 'Austell', 3931),
(43933, 'Bainbridge', 3931),
(43934, 'Barnesville', 3931),
(43935, 'Belvedere Park', 3931),
(43936, 'Bogart', 3931),
(43937, 'Bowdon', 3931),
(43938, 'Braselton', 3931),
(43939, 'Brunswick', 3931),
(43940, 'Buford', 3931),
(43941, 'Byron', 3931),
(43942, 'Cairo', 3931),
(43943, 'Calhoun', 3931),
(43944, 'Candler-MacAfee', 3931),
(43945, 'Canton', 3931),
(43946, 'Carrollton', 3931),
(43947, 'Cartersville', 3931),
(43948, 'Chamblee', 3931),
(43949, 'Clarkston', 3931),
(43950, 'Cochran', 3931),
(43951, 'College Park', 3931),
(43952, 'Columbus', 3931),
(43953, 'Comer', 3931),
(43954, 'Conley', 3931),
(43955, 'Conyers', 3931),
(43956, 'Cordele', 3931),
(43957, 'Covington', 3931),
(43958, 'Culloden', 3931),
(43959, 'Cumming', 3931),
(43960, 'Dacula', 3931),
(43961, 'Dahlonega', 3931),
(43962, 'Dallas', 3931),
(43963, 'Dalton', 3931),
(43964, 'Decatur', 3931),
(43965, 'Dewy Rose', 3931),
(43966, 'Doraville', 3931),
(43967, 'Douglas', 3931),
(43968, 'Douglasville', 3931),
(43969, 'Druid Hills', 3931),
(43970, 'Dublin', 3931),
(43971, 'Duluth', 3931),
(43972, 'Dunwoody', 3931),
(43973, 'East Point', 3931),
(43974, 'Elberton', 3931),
(43975, 'Ellenwood', 3931),
(43976, 'Ellijay', 3931),
(43977, 'Evans', 3931),
(43978, 'Fairmount', 3931),
(43979, 'Fayetteville', 3931),
(43980, 'Flowery Branch', 3931),
(43981, 'Folkston', 3931),
(43982, 'Forest Park', 3931),
(43983, 'Fort Benning South', 3931),
(43984, 'Fort Gordon', 3931),
(43985, 'Fort Stewart', 3931),
(43986, 'Fort Valley', 3931),
(43987, 'Foxborough', 3931),
(43988, 'Gaines School', 3931),
(43989, 'Gainesville', 3931),
(43990, 'Glennville', 3931),
(43991, 'Gresham Park', 3931),
(43992, 'Griffin', 3931),
(43993, 'Grovetown', 3931),
(43994, 'Hampton', 3931),
(43995, 'Hartwell', 3931),
(43996, 'Hinesville', 3931),
(43997, 'Jackson', 3931),
(43998, 'Jonesboro', 3931),
(43999, 'Kennesaw', 3931),
(44000, 'Kingsland', 3931),
(44001, 'LaGrange', 3931),
(44002, 'Lawrenceville', 3931),
(44003, 'Lilburn', 3931),
(44004, 'Lithia Springs', 3931),
(44005, 'Lithonia', 3931),
(44006, 'Locust Grove', 3931),
(44007, 'Loganville', 3931),
(44008, 'Louisville', 3931),
(44009, 'Mableton', 3931),
(44010, 'Macon', 3931),
(44011, 'Madison', 3931),
(44012, 'Marietta', 3931),
(44013, 'Martinez', 3931),
(44014, 'McDonough', 3931),
(44015, 'Milledgeville', 3931),
(44016, 'Monroe', 3931),
(44017, 'Morrow', 3931),
(44018, 'Moultrie', 3931),
(44019, 'Mountain', 3931),
(44020, 'Mountain Park', 3931),
(44021, 'Newnan', 3931),
(44022, 'Norcross', 3931),
(44023, 'North Atlanta', 3931),
(44024, 'North Decatur', 3931),
(44025, 'North Druid Hills', 3931),
(44026, 'Oakwood', 3931),
(44027, 'Panthersville', 3931),
(44028, 'Peachtree City', 3931),
(44029, 'Powder Springs', 3931),
(44030, 'Redan', 3931),
(44031, 'Rex', 3931),
(44032, 'Riverdale', 3931),
(44033, 'Rome', 3931),
(44034, 'Rossville', 3931),
(44035, 'Roswell', 3931),
(44036, 'Saint Marys', 3931),
(44037, 'Saint Simons', 3931),
(44038, 'Sandy Springs', 3931),
(44039, 'Savannah', 3931),
(44040, 'Scottdale', 3931),
(44041, 'Sharpsburg', 3931),
(44042, 'Smyrna', 3931),
(44043, 'Snellville', 3931),
(44044, 'Sparks', 3931),
(44045, 'Statesboro', 3931),
(44046, 'Stockbridge', 3931),
(44047, 'Stone Mountain', 3931),
(44048, 'Suwanee', 3931),
(44049, 'Thomasville', 3931),
(44050, 'Tifton', 3931),
(44051, 'Tucker', 3931),
(44052, 'Tybee Island', 3931),
(44053, 'Union City', 3931),
(44054, 'Valdosta', 3931),
(44055, 'Vidalia', 3931),
(44056, 'Villa Rica', 3931),
(44057, 'Warner Robins', 3931),
(44058, 'Waycross', 3931),
(44059, 'Wilmington Island', 3931),
(44060, 'Winder', 3931),
(44061, 'Woodbine', 3931),
(44062, 'Woodstock', 3931),
(44063, 'Ahuimanu', 3932),
(44064, 'Aiea', 3932),
(44065, 'Aliamanu', 3932),
(44066, 'Ewa Beach', 3932),
(44067, 'Haiku', 3932),
(44068, 'Halawa', 3932),
(44069, 'Hanalei', 3932),
(44070, 'Hilo', 3932),
(44071, 'Holualoa', 3932),
(44072, 'Honolulu', 3932),
(44073, 'Kahului', 3932),
(44074, 'Kailua', 3932),
(44075, 'Kalaheo', 3932),
(44076, 'Kamuela', 3932),
(44077, 'Kaneohe', 3932),
(44078, 'Kaneohe Station', 3932),
(44079, 'Kapaa', 3932),
(44080, 'Kapolei', 3932),
(44081, 'Kihei', 3932),
(44082, 'Kula', 3932),
(44083, 'Lahaina', 3932),
(44084, 'Lanai City', 3932),
(44085, 'Lihue', 3932),
(44086, 'Makaha', 3932),
(44087, 'Makakilo City', 3932),
(44088, 'Makawao', 3932),
(44089, 'Mi-Wuk Village', 3932),
(44090, 'Mililani Town', 3932),
(44091, 'Naalehu', 3932),
(44092, 'Nanakuli', 3932),
(44093, 'Pahoa', 3932),
(44094, 'Pearl City', 3932),
(44095, 'Schofield Barracks', 3932),
(44096, 'Wahiawa', 3932),
(44097, 'Waialua', 3932),
(44098, 'Waianae', 3932),
(44099, 'Wailuku', 3932),
(44100, 'Waimalu', 3932),
(44101, 'Waipahu', 3932),
(44102, 'Waipio', 3932),
(44103, 'Blackfoot', 3933),
(44104, 'Boise', 3933),
(44105, 'Boise City', 3933),
(44106, 'Boulder Hill', 3933),
(44107, 'Burley', 3933),
(44108, 'Caldwell', 3933),
(44109, 'Coeur d\'Alene', 3933),
(44110, 'Eagle', 3933),
(44111, 'Garden City', 3933),
(44112, 'Idaho Falls', 3933),
(44113, 'Lewiston', 3933),
(44114, 'Meridian', 3933),
(44115, 'Moscow', 3933),
(44116, 'Mountain Home', 3933),
(44117, 'Nampa', 3933),
(44118, 'Payette', 3933),
(44119, 'Pocatello', 3933),
(44120, 'Post Falls', 3933),
(44121, 'Preston', 3933),
(44122, 'Rexburg', 3933),
(44123, 'Rigby', 3933),
(44124, 'Sandpoint', 3933),
(44125, 'Troy', 3933),
(44126, 'Twin Falls', 3933),
(44127, 'Addison', 3934),
(44128, 'Algonquin', 3934),
(44129, 'Alsip', 3934),
(44130, 'Alton', 3934),
(44131, 'Arlington Heights', 3934),
(44132, 'Aurora', 3934),
(44133, 'Bannockburn', 3934),
(44134, 'Barrington', 3934),
(44135, 'Bartlett', 3934),
(44136, 'Batavia', 3934),
(44137, 'Beach Park', 3934),
(44138, 'Beardstown', 3934),
(44139, 'Bedford Park', 3934),
(44140, 'Belleville', 3934),
(44141, 'Bellwood', 3934),
(44142, 'Belvidere', 3934),
(44143, 'Bensenville', 3934),
(44144, 'Berwyn', 3934),
(44145, 'Bloomingdale', 3934),
(44146, 'Bloomington', 3934),
(44147, 'Blue Island', 3934),
(44148, 'Boling Brook', 3934),
(44149, 'Bolingbrook', 3934),
(44150, 'Bourbonnais', 3934),
(44151, 'Bradley', 3934),
(44152, 'Breese', 3934),
(44153, 'Bridgeview', 3934),
(44154, 'Brimfield', 3934),
(44155, 'Broadview', 3934),
(44156, 'Brookfield', 3934),
(44157, 'Buffalo Grove', 3934),
(44158, 'Burbank', 3934),
(44159, 'Burr Ridge', 3934),
(44160, 'Cahokia', 3934),
(44161, 'Calumet City', 3934),
(44162, 'Canton', 3934),
(44163, 'Carbondale', 3934),
(44164, 'Carlinville', 3934),
(44165, 'Carol Stream', 3934),
(44166, 'Carpentersville', 3934),
(44167, 'Carthage', 3934),
(44168, 'Cary', 3934),
(44169, 'Centralia', 3934),
(44170, 'Champaign', 3934),
(44171, 'Channahon', 3934),
(44172, 'Charleston', 3934),
(44173, 'Chicago', 3934),
(44174, 'Chicago Heights', 3934),
(44175, 'Chicago Ridge', 3934),
(44176, 'Cicero', 3934),
(44177, 'Coal City', 3934),
(44178, 'Collinsville', 3934),
(44179, 'Congerville', 3934),
(44180, 'Country Club Hills', 3934),
(44181, 'Crest Hill', 3934),
(44182, 'Crestwood', 3934),
(44183, 'Crystal Lake', 3934),
(44184, 'Danville', 3934),
(44185, 'Darien', 3934),
(44186, 'DeKalb', 3934),
(44187, 'Decatur', 3934),
(44188, 'Deerfield', 3934),
(44189, 'Des Plaines', 3934),
(44190, 'Dixon', 3934),
(44191, 'Dolton', 3934),
(44192, 'Downers Grove', 3934),
(44193, 'Earlville', 3934),
(44194, 'East Dundee', 3934),
(44195, 'East Moline', 3934),
(44196, 'East Peoria', 3934),
(44197, 'East Saint Louis', 3934),
(44198, 'Edwardsville', 3934),
(44199, 'Effingham', 3934),
(44200, 'Elburn', 3934),
(44201, 'Elgin', 3934),
(44202, 'Elk Grove', 3934),
(44203, 'Elk Grove Village', 3934),
(44204, 'Elmhurst', 3934),
(44205, 'Elmwood Park', 3934),
(44206, 'Evanston', 3934),
(44207, 'Evergreen Park', 3934),
(44208, 'Fairview Heights', 3934),
(44209, 'Flossmoor', 3934),
(44210, 'Forest Park', 3934),
(44211, 'Frankfort', 3934),
(44212, 'Franklin Park', 3934),
(44213, 'Freeport', 3934),
(44214, 'Galena', 3934),
(44215, 'Galesburg', 3934),
(44216, 'Geneva', 3934),
(44217, 'Genoa', 3934),
(44218, 'Glen Carbon', 3934),
(44219, 'Glen Ellyn', 3934),
(44220, 'Glencoe', 3934),
(44221, 'Glendale Heights', 3934),
(44222, 'Glenview', 3934),
(44223, 'Godfrey', 3934),
(44224, 'Goodings Grove', 3934),
(44225, 'Granite City', 3934),
(44226, 'Grayslake', 3934),
(44227, 'Gurnee', 3934),
(44228, 'Hamilton', 3934),
(44229, 'Hampshire', 3934),
(44230, 'Hanover Park', 3934),
(44231, 'Harvard', 3934),
(44232, 'Harvey', 3934),
(44233, 'Hawthorn Woods', 3934),
(44234, 'Hazel Crest', 3934),
(44235, 'Herrin', 3934),
(44236, 'Hickory Hills', 3934),
(44237, 'Highland Park', 3934),
(44238, 'Hinsdale', 3934),
(44239, 'Hoffman Estates', 3934),
(44240, 'Homewood', 3934),
(44241, 'Huntley', 3934),
(44242, 'Illinois City', 3934),
(44243, 'Ingleside', 3934),
(44244, 'Itasca', 3934),
(44245, 'Jacksonville', 3934),
(44246, 'Johnston City', 3934),
(44247, 'Joliet', 3934),
(44248, 'Justice', 3934),
(44249, 'Kankakee', 3934),
(44250, 'Kenilworth', 3934),
(44251, 'Kewanee', 3934),
(44252, 'La Grange', 3934),
(44253, 'La Grange Park', 3934),
(44254, 'La Salle', 3934),
(44255, 'Lake Bluff', 3934),
(44256, 'Lake Forest', 3934),
(44257, 'Lake Zurich', 3934),
(44258, 'Lake in the Hills', 3934),
(44259, 'Lansing', 3934),
(44260, 'Lemont', 3934),
(44261, 'Libertyville', 3934),
(44262, 'Lincoln', 3934),
(44263, 'Lincolnwood', 3934),
(44264, 'Lindenhurst', 3934),
(44265, 'Lindenwood', 3934),
(44266, 'Lisle', 3934),
(44267, 'Lockport', 3934),
(44268, 'Lombard', 3934),
(44269, 'Long Grove', 3934),
(44270, 'Loves Park', 3934),
(44271, 'Lyons', 3934),
(44272, 'MacHenry', 3934),
(44273, 'Machesney Park', 3934),
(44274, 'Macomb', 3934),
(44275, 'Marion', 3934),
(44276, 'Markham', 3934),
(44277, 'Marshall', 3934),
(44278, 'Martinsville', 3934),
(44279, 'Maryville', 3934),
(44280, 'Matteson', 3934),
(44281, 'Mattoon', 3934),
(44282, 'Maywood', 3934),
(44283, 'McHenry', 3934),
(44284, 'Melrose Park', 3934),
(44285, 'Midlothian', 3934),
(44286, 'Milan', 3934),
(44287, 'Minooka', 3934),
(44288, 'Mokena', 3934),
(44289, 'Moline', 3934),
(44290, 'Momence', 3934),
(44291, 'Montgomery', 3934),
(44292, 'Monticello', 3934),
(44293, 'Morris', 3934),
(44294, 'Morton', 3934),
(44295, 'Morton Grove', 3934),
(44296, 'Mossville', 3934),
(44297, 'Mount Prospect', 3934),
(44298, 'Mount Vernon', 3934),
(44299, 'Mount Zion', 3934),
(44300, 'Mundelein', 3934),
(44301, 'Naperville', 3934),
(44302, 'New Lenox', 3934),
(44303, 'Niles', 3934),
(44304, 'Normal', 3934),
(44305, 'Norridge', 3934),
(44306, 'North Aurora', 3934),
(44307, 'North Chicago', 3934),
(44308, 'Northbrook', 3934),
(44309, 'Northfield', 3934),
(44310, 'Northlake', 3934),
(44311, 'O\'Fallon', 3934),
(44312, 'Oak Forest', 3934),
(44313, 'Oak Lawn', 3934),
(44314, 'Oak Park', 3934),
(44315, 'Oakbrook', 3934),
(44316, 'Oakwood', 3934),
(44317, 'Olney', 3934),
(44318, 'Orland Park', 3934),
(44319, 'Osco', 3934),
(44320, 'Ottawa', 3934),
(44321, 'Palatine', 3934),
(44322, 'Palos Heights', 3934),
(44323, 'Palos Hills', 3934),
(44324, 'Park Forest', 3934),
(44325, 'Park Ridge', 3934),
(44326, 'Pekin', 3934),
(44327, 'Peoria', 3934),
(44328, 'Peru', 3934),
(44329, 'Plainfield', 3934),
(44330, 'Pontiac', 3934),
(44331, 'Princeton', 3934),
(44332, 'Prospect Heights', 3934),
(44333, 'Quincy', 3934),
(44334, 'Ramsey', 3934),
(44335, 'Rantoul', 3934),
(44336, 'Richmond', 3934),
(44337, 'Richton Park', 3934),
(44338, 'River Forest', 3934),
(44339, 'Riverdale', 3934),
(44340, 'Rochelle', 3934),
(44341, 'Rock Island', 3934),
(44342, 'Rockford', 3934),
(44343, 'Rolling Meadows', 3934),
(44344, 'Romeoville', 3934),
(44345, 'Roscoe', 3934),
(44346, 'Roselle', 3934),
(44347, 'Round Lake Beach', 3934),
(44348, 'Saint Charles', 3934),
(44349, 'Sauget', 3934),
(44350, 'Sauk Village', 3934),
(44351, 'Schaumburg', 3934),
(44352, 'Schiller Park', 3934),
(44353, 'Shumway', 3934),
(44354, 'Skokie', 3934),
(44355, 'South Elgin', 3934),
(44356, 'South Holland', 3934),
(44357, 'Spring Valley', 3934),
(44358, 'Springfield', 3934),
(44359, 'Sterling', 3934),
(44360, 'Streamwood', 3934),
(44361, 'Streator', 3934),
(44362, 'Swansea', 3934);
INSERT INTO `cities` (`id`, `name`, `state_id`) VALUES
(44363, 'Sycamore', 3934),
(44364, 'Taylorville', 3934),
(44365, 'Tinley Park', 3934),
(44366, 'Trenton', 3934),
(44367, 'Urbana', 3934),
(44368, 'Ursa', 3934),
(44369, 'Vernon Hills', 3934),
(44370, 'Villa Park', 3934),
(44371, 'Walnut', 3934),
(44372, 'Warrenville', 3934),
(44373, 'Washington', 3934),
(44374, 'Waukegan', 3934),
(44375, 'West Chicago', 3934),
(44376, 'West Dundee', 3934),
(44377, 'Westchester', 3934),
(44378, 'Western Springs', 3934),
(44379, 'Westmont', 3934),
(44380, 'Wheaton', 3934),
(44381, 'Wheeling', 3934),
(44382, 'Willowbrook', 3934),
(44383, 'Wilmette', 3934),
(44384, 'Winnebago', 3934),
(44385, 'Winnetka', 3934),
(44386, 'Wood Dale', 3934),
(44387, 'Wood River', 3934),
(44388, 'Woodridge', 3934),
(44389, 'Woodstock', 3934),
(44390, 'Worth', 3934),
(44391, 'Zion', 3934),
(44392, 'Albion', 3935),
(44393, 'Anderson', 3935),
(44394, 'Angola', 3935),
(44395, 'Auburn', 3935),
(44396, 'Bedford', 3935),
(44397, 'Beech Grove', 3935),
(44398, 'Bloomington', 3935),
(44399, 'Brownsburg', 3935),
(44400, 'Carmel', 3935),
(44401, 'Cedar Lake', 3935),
(44402, 'Chesterton', 3935),
(44403, 'Clarksville', 3935),
(44404, 'Columbus', 3935),
(44405, 'Connersville', 3935),
(44406, 'Crawfordsville', 3935),
(44407, 'Crown Point', 3935),
(44408, 'Dyer', 3935),
(44409, 'East Chicago', 3935),
(44410, 'Elkhart', 3935),
(44411, 'Evansville', 3935),
(44412, 'Fishers', 3935),
(44413, 'Fort Wayne', 3935),
(44414, 'Frankfort', 3935),
(44415, 'Franklin', 3935),
(44416, 'Gary', 3935),
(44417, 'Goshen', 3935),
(44418, 'Gosport', 3935),
(44419, 'Granger', 3935),
(44420, 'Greenfield', 3935),
(44421, 'Greensburg', 3935),
(44422, 'Greenwood', 3935),
(44423, 'Griffith', 3935),
(44424, 'Hammond', 3935),
(44425, 'Helmsburg', 3935),
(44426, 'Highland', 3935),
(44427, 'Hobart', 3935),
(44428, 'Huntington', 3935),
(44429, 'Indianapolis', 3935),
(44430, 'Jasper', 3935),
(44431, 'Jeffersonville', 3935),
(44432, 'Knightstown', 3935),
(44433, 'Kokomo', 3935),
(44434, 'La Porte', 3935),
(44435, 'Lafayette', 3935),
(44436, 'Lake Station', 3935),
(44437, 'Lawrence', 3935),
(44438, 'Lebanon', 3935),
(44439, 'Liberty', 3935),
(44440, 'Logansport', 3935),
(44441, 'Madison', 3935),
(44442, 'Marion', 3935),
(44443, 'Martinsville', 3935),
(44444, 'Merrillville', 3935),
(44445, 'Michigan City', 3935),
(44446, 'Mishawaka', 3935),
(44447, 'Muncie', 3935),
(44448, 'Munster', 3935),
(44449, 'N. Albany', 3935),
(44450, 'Nashville', 3935),
(44451, 'New Albany', 3935),
(44452, 'New Castle', 3935),
(44453, 'New Haven', 3935),
(44454, 'New Trenton', 3935),
(44455, 'Noblesville', 3935),
(44456, 'North Vernon', 3935),
(44457, 'Osceola', 3935),
(44458, 'Peru', 3935),
(44459, 'Plainfield', 3935),
(44460, 'Plymouth', 3935),
(44461, 'Poland', 3935),
(44462, 'Portage', 3935),
(44463, 'Richmond', 3935),
(44464, 'Rising Sun', 3935),
(44465, 'Roanoke', 3935),
(44466, 'Rockport', 3935),
(44467, 'Schererville', 3935),
(44468, 'Scottsburg', 3935),
(44469, 'Seymour', 3935),
(44470, 'Shelbyville', 3935),
(44471, 'South Bend', 3935),
(44472, 'Speedway', 3935),
(44473, 'St. John', 3935),
(44474, 'Terre Haute', 3935),
(44475, 'Thorntown', 3935),
(44476, 'Tippecanoe', 3935),
(44477, 'Troy', 3935),
(44478, 'Valparaiso', 3935),
(44479, 'Vermont', 3935),
(44480, 'Vincennes', 3935),
(44481, 'Wabash', 3935),
(44482, 'Warsaw', 3935),
(44483, 'Washington', 3935),
(44484, 'West Lafayette', 3935),
(44485, 'Williams', 3935),
(44486, 'Altoona', 3936),
(44487, 'Ames', 3936),
(44488, 'Ankeny', 3936),
(44489, 'Bettendorf', 3936),
(44490, 'Boone', 3936),
(44491, 'Burlington', 3936),
(44492, 'Carroll', 3936),
(44493, 'Cedar Falls', 3936),
(44494, 'Cedar Rapids', 3936),
(44495, 'Clarinda', 3936),
(44496, 'Clinton', 3936),
(44497, 'Clive', 3936),
(44498, 'Coralville', 3936),
(44499, 'Council Bluffs', 3936),
(44500, 'Davenport', 3936),
(44501, 'Des Moines', 3936),
(44502, 'Dubuque', 3936),
(44503, 'Eldridge', 3936),
(44504, 'Elkader', 3936),
(44505, 'Essex', 3936),
(44506, 'Fairfield', 3936),
(44507, 'Fayette', 3936),
(44508, 'Fort Dodge', 3936),
(44509, 'Fort Madison', 3936),
(44510, 'Harlan', 3936),
(44511, 'Indianola', 3936),
(44512, 'Iowa City', 3936),
(44513, 'Kalona', 3936),
(44514, 'Keokuk', 3936),
(44515, 'Marion', 3936),
(44516, 'Marshalltown', 3936),
(44517, 'Mason City', 3936),
(44518, 'Muscatine', 3936),
(44519, 'Newton', 3936),
(44520, 'Orange City', 3936),
(44521, 'Oskaloosa', 3936),
(44522, 'Ottumwa', 3936),
(44523, 'Pella', 3936),
(44524, 'Sioux City', 3936),
(44525, 'Spencer', 3936),
(44526, 'Storm Lake', 3936),
(44527, 'Urbandale', 3936),
(44528, 'Waterloo', 3936),
(44529, 'West Des Moines', 3936),
(44530, 'Arkansas City', 3937),
(44531, 'Atchison', 3937),
(44532, 'Coffeyville', 3937),
(44533, 'Derby', 3937),
(44534, 'Dodge City', 3937),
(44535, 'El Dorado', 3937),
(44536, 'Elk City', 3937),
(44537, 'Emporia', 3937),
(44538, 'Fort Riley North', 3937),
(44539, 'Garden City', 3937),
(44540, 'Great Bend', 3937),
(44541, 'Hays', 3937),
(44542, 'Hutchinson', 3937),
(44543, 'Independence', 3937),
(44544, 'Junction City', 3937),
(44545, 'Kansas City', 3937),
(44546, 'Kingman', 3937),
(44547, 'Lawrence', 3937),
(44548, 'Leavenworth', 3937),
(44549, 'Leawood', 3937),
(44550, 'Lenexa', 3937),
(44551, 'Liberal', 3937),
(44552, 'MacPherson', 3937),
(44553, 'Manhattan', 3937),
(44554, 'Merriam', 3937),
(44555, 'Minneapolis', 3937),
(44556, 'Moscow', 3937),
(44557, 'Moundridge', 3937),
(44558, 'Nashville', 3937),
(44559, 'Newton', 3937),
(44560, 'Olathe', 3937),
(44561, 'Ottawa', 3937),
(44562, 'Overland Park', 3937),
(44563, 'Parsons', 3937),
(44564, 'Pittsburg', 3937),
(44565, 'Prairie Village', 3937),
(44566, 'Rose Hill', 3937),
(44567, 'Salina', 3937),
(44568, 'Shawnee', 3937),
(44569, 'Topeka', 3937),
(44570, 'Wichita', 3937),
(44571, 'Winfield', 3937),
(44572, 'tecumseh', 3937),
(44573, 'Albany', 3938),
(44574, 'Ashland', 3938),
(44575, 'Bardstown', 3938),
(44576, 'Berea', 3938),
(44577, 'Bowling Green', 3938),
(44578, 'Campbellsville', 3938),
(44579, 'Catlettsburg', 3938),
(44580, 'Covington', 3938),
(44581, 'Crescent Springs', 3938),
(44582, 'Danville', 3938),
(44583, 'Dawson Springs', 3938),
(44584, 'Eastview', 3938),
(44585, 'Eddyville', 3938),
(44586, 'Elizabethtown', 3938),
(44587, 'Erlanger', 3938),
(44588, 'Evarts', 3938),
(44589, 'Fern Creek', 3938),
(44590, 'Florence', 3938),
(44591, 'Fort Campbell North', 3938),
(44592, 'Fort Knox', 3938),
(44593, 'Fort Mitchell', 3938),
(44594, 'Fort Thomas', 3938),
(44595, 'Frankfort', 3938),
(44596, 'Georgetown', 3938),
(44597, 'Glasgow', 3938),
(44598, 'Grays Knob', 3938),
(44599, 'Henderson', 3938),
(44600, 'Highview', 3938),
(44601, 'Hopkinsville', 3938),
(44602, 'Independence', 3938),
(44603, 'Jeffersontown', 3938),
(44604, 'Lawrenceburg', 3938),
(44605, 'Lebanon', 3938),
(44606, 'Lexington', 3938),
(44607, 'Lexington-Fayette', 3938),
(44608, 'Louisville', 3938),
(44609, 'Madisonville', 3938),
(44610, 'Marion', 3938),
(44611, 'Mayfield', 3938),
(44612, 'Maysville', 3938),
(44613, 'Middlesborough', 3938),
(44614, 'Murray', 3938),
(44615, 'Nebo', 3938),
(44616, 'Newburg', 3938),
(44617, 'Newport', 3938),
(44618, 'Nicholasville', 3938),
(44619, 'Okolona', 3938),
(44620, 'Olive Hill', 3938),
(44621, 'Owensboro', 3938),
(44622, 'Paducah', 3938),
(44623, 'Paris', 3938),
(44624, 'Pikeville', 3938),
(44625, 'Pleasure Ridge Park', 3938),
(44626, 'Queens', 3938),
(44627, 'Radcliff', 3938),
(44628, 'Richmond', 3938),
(44629, 'Saint Dennis', 3938),
(44630, 'Saint Matthews', 3938),
(44631, 'Scottsville', 3938),
(44632, 'Shively', 3938),
(44633, 'Somerset', 3938),
(44634, 'South Shore', 3938),
(44635, 'Tollesboro', 3938),
(44636, 'Valley Station', 3938),
(44637, 'Wallins Creek', 3938),
(44638, 'Walton', 3938),
(44639, 'Winchester', 3938),
(44640, 'Abbeville', 3939),
(44641, 'Alexandria', 3939),
(44642, 'Amite', 3939),
(44643, 'Baker', 3939),
(44644, 'Bastrop', 3939),
(44645, 'Baton Rouge', 3939),
(44646, 'Bayou Cane', 3939),
(44647, 'Bogalusa', 3939),
(44648, 'Bossier City', 3939),
(44649, 'Broussard', 3939),
(44650, 'Calhoun', 3939),
(44651, 'Chalmette', 3939),
(44652, 'Covington', 3939),
(44653, 'Crowley', 3939),
(44654, 'De Ridder', 3939),
(44655, 'Delcambre', 3939),
(44656, 'Denham Springs', 3939),
(44657, 'Estelle', 3939),
(44658, 'Eunice', 3939),
(44659, 'Fort Polk South', 3939),
(44660, 'Franklin', 3939),
(44661, 'French Settlement', 3939),
(44662, 'Garyville', 3939),
(44663, 'Geismar', 3939),
(44664, 'Gretna', 3939),
(44665, 'Hammond', 3939),
(44666, 'Harahan', 3939),
(44667, 'Harvey', 3939),
(44668, 'Houma', 3939),
(44669, 'Independence', 3939),
(44670, 'Jefferson', 3939),
(44671, 'Jennings', 3939),
(44672, 'Kenner', 3939),
(44673, 'Lafayette', 3939),
(44674, 'Lake Charles', 3939),
(44675, 'Laplace', 3939),
(44676, 'Mandeville', 3939),
(44677, 'Marrero', 3939),
(44678, 'Merrydale', 3939),
(44679, 'Metairie', 3939),
(44680, 'Minden', 3939),
(44681, 'Monroe', 3939),
(44682, 'Morgan City', 3939),
(44683, 'Natchitoches', 3939),
(44684, 'New Iberia', 3939),
(44685, 'New Orleans', 3939),
(44686, 'Opelousas', 3939),
(44687, 'Pineville', 3939),
(44688, 'Pioneer', 3939),
(44689, 'Prairieville', 3939),
(44690, 'River Ridge', 3939),
(44691, 'Ruston', 3939),
(44692, 'Saint Amant', 3939),
(44693, 'Saint Martinville', 3939),
(44694, 'Shenandoah', 3939),
(44695, 'Shreveport', 3939),
(44696, 'Slidell', 3939),
(44697, 'Sulphur', 3939),
(44698, 'Terrytown', 3939),
(44699, 'Thibodaux', 3939),
(44700, 'Timberlane', 3939),
(44701, 'Vinton', 3939),
(44702, 'Waggaman', 3939),
(44703, 'West Monroe', 3939),
(44704, 'Westwego', 3939),
(44705, 'Zachary', 3939),
(44706, 'Manchester', 3940),
(44707, 'Washington', 3940),
(44708, 'Auburn', 3941),
(44709, 'Augusta', 3941),
(44710, 'Bangor', 3941),
(44711, 'Bath', 3941),
(44712, 'Biddeford', 3941),
(44713, 'Brunswick', 3941),
(44714, 'Cornish', 3941),
(44715, 'Dover-Foxcroft', 3941),
(44716, 'Ellsworth', 3941),
(44717, 'Etna', 3941),
(44718, 'Freeport', 3941),
(44719, 'Gorham', 3941),
(44720, 'Greene', 3941),
(44721, 'Harmony', 3941),
(44722, 'Lewiston', 3941),
(44723, 'Liberty', 3941),
(44724, 'Limerick', 3941),
(44725, 'Lyman', 3941),
(44726, 'Maine', 3941),
(44727, 'New Gloucester', 3941),
(44728, 'Norridgewock', 3941),
(44729, 'North Yarmouth', 3941),
(44730, 'Old Town', 3941),
(44731, 'Orono', 3941),
(44732, 'Portland', 3941),
(44733, 'Presque Isle', 3941),
(44734, 'Saco', 3941),
(44735, 'Sanford', 3941),
(44736, 'Scarborough', 3941),
(44737, 'South Portland', 3941),
(44738, 'Spruce Head', 3941),
(44739, 'Thomaston', 3941),
(44740, 'Waldoboro', 3941),
(44741, 'Waterville', 3941),
(44742, 'West Buxton', 3941),
(44743, 'Westbrook', 3941),
(44744, 'Whitefield', 3941),
(44745, 'Windham', 3941),
(44746, 'Yarmouth', 3941),
(44747, 'York Harbor', 3941),
(44748, 'stockton springs', 3941),
(44749, 'Aberdeen', 3942),
(44750, 'Accokeek', 3942),
(44751, 'Adelphi', 3942),
(44752, 'Andrews Air Force Base', 3942),
(44753, 'Annapolis', 3942),
(44754, 'Arbutus', 3942),
(44755, 'Arnold', 3942),
(44756, 'Aspen Hill', 3942),
(44757, 'Baltimore', 3942),
(44758, 'Bel Air North', 3942),
(44759, 'Bel Air South', 3942),
(44760, 'Beltsville', 3942),
(44761, 'Berlin', 3942),
(44762, 'Bethesda', 3942),
(44763, 'Bladensburg', 3942),
(44764, 'Boonsboro', 3942),
(44765, 'Bowie', 3942),
(44766, 'Brookeville', 3942),
(44767, 'Brooklandville', 3942),
(44768, 'Brooklyn Park', 3942),
(44769, 'Burtonsville', 3942),
(44770, 'Calverton', 3942),
(44771, 'Cambridge', 3942),
(44772, 'Camp Springs', 3942),
(44773, 'Capitol Heights', 3942),
(44774, 'Carney', 3942),
(44775, 'Catonsville', 3942),
(44776, 'Chestertown', 3942),
(44777, 'Chillum', 3942),
(44778, 'Clarksburg', 3942),
(44779, 'Clarksville', 3942),
(44780, 'Clinton', 3942),
(44781, 'Cockeysville', 3942),
(44782, 'Colesville', 3942),
(44783, 'College Park', 3942),
(44784, 'Columbia', 3942),
(44785, 'Cooksville', 3942),
(44786, 'Coral Hills', 3942),
(44787, 'Crofton', 3942),
(44788, 'Cumberland', 3942),
(44789, 'Damascus', 3942),
(44790, 'Darlington', 3942),
(44791, 'District Heights', 3942),
(44792, 'Dundalk', 3942),
(44793, 'East Riverdale', 3942),
(44794, 'Easton', 3942),
(44795, 'Edgemere', 3942),
(44796, 'Edgewood', 3942),
(44797, 'Eldersburg', 3942),
(44798, 'Elkridge', 3942),
(44799, 'Elkton', 3942),
(44800, 'Ellicott City', 3942),
(44801, 'Essex', 3942),
(44802, 'Fairland', 3942),
(44803, 'Ferndale', 3942),
(44804, 'Forest Hill', 3942),
(44805, 'Forestville', 3942),
(44806, 'Fort Meade', 3942),
(44807, 'Fort Washington', 3942),
(44808, 'Frederick', 3942),
(44809, 'Fredrick', 3942),
(44810, 'Friendly', 3942),
(44811, 'Gaithersburg', 3942),
(44812, 'Germantown', 3942),
(44813, 'Glen Burnie', 3942),
(44814, 'Glenn Dale', 3942),
(44815, 'Greater Landover', 3942),
(44816, 'Greater Upper Marlboro', 3942),
(44817, 'Green Haven', 3942),
(44818, 'Green Valley', 3942),
(44819, 'Greenbelt', 3942),
(44820, 'Hagerstown', 3942),
(44821, 'Hanover', 3942),
(44822, 'Harmans', 3942),
(44823, 'Havre de Grace', 3942),
(44824, 'Hillandale', 3942),
(44825, 'Hillcrest Heights', 3942),
(44826, 'Hunt Valley', 3942),
(44827, 'Hurlock', 3942),
(44828, 'Hyattsville', 3942),
(44829, 'Ijamsville', 3942),
(44830, 'Jefferson', 3942),
(44831, 'Jessup', 3942),
(44832, 'Joppatowne', 3942),
(44833, 'Kettering', 3942),
(44834, 'Lake Shore', 3942),
(44835, 'Langley Park', 3942),
(44836, 'Lanham', 3942),
(44837, 'Lanham-Seabrook', 3942),
(44838, 'Lansdowne-Baltimore Highlands', 3942),
(44839, 'Largo', 3942),
(44840, 'Laurel', 3942),
(44841, 'Lexington Park', 3942),
(44842, 'Lochearn', 3942),
(44843, 'Lutherville-Timonium', 3942),
(44844, 'Marriottsville', 3942),
(44845, 'Maryland City', 3942),
(44846, 'Mays Chapel', 3942),
(44847, 'Middle River', 3942),
(44848, 'Milford Mill', 3942),
(44849, 'Millersville', 3942),
(44850, 'Mitchellville', 3942),
(44851, 'Montgomery Village', 3942),
(44852, 'National Harbor', 3942),
(44853, 'New Carrollton', 3942),
(44854, 'North Bethesda', 3942),
(44855, 'North Laurel', 3942),
(44856, 'North Potomac', 3942),
(44857, 'Odenton', 3942),
(44858, 'Olney', 3942),
(44859, 'Overlea', 3942),
(44860, 'Owings Mills', 3942),
(44861, 'Oxon Hill-Glassmanor', 3942),
(44862, 'Parkville', 3942),
(44863, 'Parole', 3942),
(44864, 'Pasadena', 3942),
(44865, 'Perry Hall', 3942),
(44866, 'Pikesville', 3942),
(44867, 'Poolesville', 3942),
(44868, 'Potomac', 3942),
(44869, 'Randallstown', 3942),
(44870, 'Redland', 3942),
(44871, 'Reisterstown', 3942),
(44872, 'Riviera Beach', 3942),
(44873, 'Rockville', 3942),
(44874, 'Rosaryville', 3942),
(44875, 'Rosedale', 3942),
(44876, 'Rossville', 3942),
(44877, 'Saint Charles', 3942),
(44878, 'Salisbury', 3942),
(44879, 'Sandy Spring', 3942),
(44880, 'Savage Guilford', 3942),
(44881, 'Severn', 3942),
(44882, 'Severna Park', 3942),
(44883, 'Silver Spring', 3942),
(44884, 'Snow Hill', 3942),
(44885, 'South Gate', 3942),
(44886, 'South Laurel', 3942),
(44887, 'Suitland-Silver Hill', 3942),
(44888, 'Takoma Park', 3942),
(44889, 'Temple Hill', 3942),
(44890, 'Thurmont', 3942),
(44891, 'Timonium', 3942),
(44892, 'Towson', 3942),
(44893, 'Upper Marlboro', 3942),
(44894, 'Waldorf', 3942),
(44895, 'Walker Mill', 3942),
(44896, 'Washington Grove', 3942),
(44897, 'Westminster', 3942),
(44898, 'Wheaton-Glenmont', 3942),
(44899, 'White Oak', 3942),
(44900, 'Windsor Mill', 3942),
(44901, 'Woodlawn', 3942),
(44902, 'Abington', 3943),
(44903, 'Acton', 3943),
(44904, 'Agawam', 3943),
(44905, 'Amesbury', 3943),
(44906, 'Amherst Center', 3943),
(44907, 'Arlington', 3943),
(44908, 'Ashland', 3943),
(44909, 'Athol', 3943),
(44910, 'Attleboro', 3943),
(44911, 'Barnstable Town', 3943),
(44912, 'Baxboro', 3943),
(44913, 'Becket', 3943),
(44914, 'Bedford', 3943),
(44915, 'Belmont', 3943),
(44916, 'Beverly', 3943),
(44917, 'Billerica', 3943),
(44918, 'Boston', 3943),
(44919, 'Boylston', 3943),
(44920, 'Braintree', 3943),
(44921, 'Brockton', 3943),
(44922, 'Brookfield', 3943),
(44923, 'Brookline', 3943),
(44924, 'Burlington', 3943),
(44925, 'Cambridge', 3943),
(44926, 'Canton', 3943),
(44927, 'Charlestown', 3943),
(44928, 'Chelmsford', 3943),
(44929, 'Chelsea', 3943),
(44930, 'Chicopee', 3943),
(44931, 'Clinton', 3943),
(44932, 'Concord', 3943),
(44933, 'Danvers', 3943),
(44934, 'Dedham', 3943),
(44935, 'Devens', 3943),
(44936, 'Devenscrest', 3943),
(44937, 'Duxbury', 3943),
(44938, 'Easthampton', 3943),
(44939, 'Everett', 3943),
(44940, 'Fairhaven', 3943),
(44941, 'Fall River', 3943),
(44942, 'Fitchburg', 3943),
(44943, 'Florence', 3943),
(44944, 'Framingham', 3943),
(44945, 'Franklin', 3943),
(44946, 'Gardner', 3943),
(44947, 'Gloucester', 3943),
(44948, 'Great Barrington', 3943),
(44949, 'Greenfield', 3943),
(44950, 'Groton', 3943),
(44951, 'Hadley', 3943),
(44952, 'Harvard', 3943),
(44953, 'Haverhill', 3943),
(44954, 'Hingham', 3943),
(44955, 'Holbrook', 3943),
(44956, 'Holliston', 3943),
(44957, 'Holyoke', 3943),
(44958, 'Hopedale', 3943),
(44959, 'Housatonic', 3943),
(44960, 'Hubbardston', 3943),
(44961, 'Hudson', 3943),
(44962, 'Hull', 3943),
(44963, 'Hyannis', 3943),
(44964, 'Ipswich', 3943),
(44965, 'Jamaica Plain', 3943),
(44966, 'Lawrence', 3943),
(44967, 'Lee', 3943),
(44968, 'Lenox', 3943),
(44969, 'Leominster', 3943),
(44970, 'Lexington', 3943),
(44971, 'Longmeadow', 3943),
(44972, 'Lowell', 3943),
(44973, 'Lynn', 3943),
(44974, 'Lynnfield', 3943),
(44975, 'Malden', 3943),
(44976, 'Manchester', 3943),
(44977, 'Marblehead', 3943),
(44978, 'Marion', 3943),
(44979, 'Marlborough', 3943),
(44980, 'Marshfield', 3943),
(44981, 'Massachusetts', 3943),
(44982, 'Maynard', 3943),
(44983, 'Medfield', 3943),
(44984, 'Medford', 3943),
(44985, 'Medway', 3943),
(44986, 'Melrose', 3943),
(44987, 'Methuen', 3943),
(44988, 'Middleboro', 3943),
(44989, 'Milford', 3943),
(44990, 'Milton', 3943),
(44991, 'Monson', 3943),
(44992, 'Montague', 3943),
(44993, 'Nantucket', 3943),
(44994, 'Natick', 3943),
(44995, 'Needham', 3943),
(44996, 'New Bedford', 3943),
(44997, 'Newburyport', 3943),
(44998, 'Newton', 3943),
(44999, 'North Adams', 3943),
(45000, 'North Andover', 3943),
(45001, 'North Attleborough Center', 3943),
(45002, 'North Easton', 3943),
(45003, 'Northampton', 3943),
(45004, 'Northborough', 3943),
(45005, 'Norwood', 3943),
(45006, 'Orleans', 3943),
(45007, 'Peabody', 3943),
(45008, 'Pepperell', 3943),
(45009, 'Pittsfield', 3943),
(45010, 'Plainfield', 3943),
(45011, 'Plymouth', 3943),
(45012, 'Provincetown', 3943),
(45013, 'Quincy', 3943),
(45014, 'Randolph', 3943),
(45015, 'Reading', 3943),
(45016, 'Rehoboth', 3943),
(45017, 'Revere', 3943),
(45018, 'Rockland', 3943),
(45019, 'Rockport', 3943),
(45020, 'Roslindale', 3943),
(45021, 'Salem', 3943),
(45022, 'Saugus', 3943),
(45023, 'Scituate', 3943),
(45024, 'Seekonk', 3943),
(45025, 'Shelburne Falls', 3943),
(45026, 'Sherborn', 3943),
(45027, 'Shrewsbury', 3943),
(45028, 'Somerset', 3943),
(45029, 'Somerville', 3943),
(45030, 'South Boston', 3943),
(45031, 'South Deerfield', 3943),
(45032, 'South Hadley', 3943),
(45033, 'South Lee', 3943),
(45034, 'South Yarmouth', 3943),
(45035, 'Southborough', 3943),
(45036, 'Southbridge', 3943),
(45037, 'Southwick', 3943),
(45038, 'Springfield', 3943),
(45039, 'Stoneham', 3943),
(45040, 'Sturbridge', 3943),
(45041, 'Swampscott', 3943),
(45042, 'Swansea', 3943),
(45043, 'Taunton', 3943),
(45044, 'Tewksbury', 3943),
(45045, 'Three Rivers', 3943),
(45046, 'Truro', 3943),
(45047, 'Upton', 3943),
(45048, 'Vineyard Haven', 3943),
(45049, 'Wakefield', 3943),
(45050, 'Waltham', 3943),
(45051, 'Ware', 3943),
(45052, 'Wareham', 3943),
(45053, 'Watertown', 3943),
(45054, 'Wayland', 3943),
(45055, 'Webster', 3943),
(45056, 'Wellesley', 3943),
(45057, 'Wellesley Hills', 3943),
(45058, 'West Concord', 3943),
(45059, 'West Roxbury', 3943),
(45060, 'West Springfield', 3943),
(45061, 'West Yarmouth', 3943),
(45062, 'Westborough', 3943),
(45063, 'Westfield', 3943),
(45064, 'Westford', 3943),
(45065, 'Weston', 3943),
(45066, 'Weymouth', 3943),
(45067, 'Wilbraham', 3943),
(45068, 'Wilmington', 3943),
(45069, 'Winchester', 3943),
(45070, 'Winthrop', 3943),
(45071, 'Woburn', 3943),
(45072, 'Worcester', 3943),
(45073, 'Yarmouthport', 3943),
(45074, 'Adrian', 3945),
(45075, 'Albion', 3945),
(45076, 'Allegan', 3945),
(45077, 'Allen Park', 3945),
(45078, 'Alma', 3945),
(45079, 'Alpena', 3945),
(45080, 'Ann Arbor', 3945),
(45081, 'Attica', 3945),
(45082, 'Auburn Hills', 3945),
(45083, 'Battle Creek', 3945),
(45084, 'Bay City', 3945),
(45085, 'Beecher', 3945),
(45086, 'Belleville', 3945),
(45087, 'Benton Harbor', 3945),
(45088, 'Berkley', 3945),
(45089, 'Beverly Hills', 3945),
(45090, 'Big Rapids', 3945),
(45091, 'Birmingham', 3945),
(45092, 'Bloomfield Hills', 3945),
(45093, 'Bloomfield Township', 3945),
(45094, 'Boyne City', 3945),
(45095, 'Brighton', 3945),
(45096, 'Burt', 3945),
(45097, 'Burton', 3945),
(45098, 'Cadillac', 3945),
(45099, 'Canton', 3945),
(45100, 'Charlotte', 3945),
(45101, 'Chesterfield', 3945),
(45102, 'Clarkston', 3945),
(45103, 'Clawson', 3945),
(45104, 'Clinton', 3945),
(45105, 'Commerce', 3945),
(45106, 'Comstock Park', 3945),
(45107, 'Coopersville', 3945),
(45108, 'Cornell', 3945),
(45109, 'Cutlerville', 3945),
(45110, 'Davisburg', 3945),
(45111, 'Dearborn', 3945),
(45112, 'Dearborn Heights', 3945),
(45113, 'Delton', 3945),
(45114, 'Detroit', 3945),
(45115, 'Dexter', 3945),
(45116, 'Dowagiac', 3945),
(45117, 'East Grand Rapids', 3945),
(45118, 'East Lansing', 3945),
(45119, 'Eastpointe', 3945),
(45120, 'Ecorse', 3945),
(45121, 'Escanaba', 3945),
(45122, 'Evart', 3945),
(45123, 'Fair Haven', 3945),
(45124, 'Fairgrove', 3945),
(45125, 'Farmington', 3945),
(45126, 'Farmington Hills', 3945),
(45127, 'Fenton', 3945),
(45128, 'Ferndale', 3945),
(45129, 'Flint', 3945),
(45130, 'Forest Hills', 3945),
(45131, 'Fowlerville', 3945),
(45132, 'Frankenmuth', 3945),
(45133, 'Fraser', 3945),
(45134, 'Fremont', 3945),
(45135, 'Fruitport', 3945),
(45136, 'Garden City', 3945),
(45137, 'Goodrich', 3945),
(45138, 'Grand Blanc', 3945),
(45139, 'Grand Haven', 3945),
(45140, 'Grand Rapids', 3945),
(45141, 'Grandville', 3945),
(45142, 'Grosse Ile', 3945),
(45143, 'Grosse Pointe Farms', 3945),
(45144, 'Grosse Pointe Park', 3945),
(45145, 'Grosse Pointe Woods', 3945),
(45146, 'Gwinn', 3945),
(45147, 'Hamtramck', 3945),
(45148, 'Hancock', 3945),
(45149, 'Harper Woods', 3945),
(45150, 'Harrison', 3945),
(45151, 'Haslett', 3945),
(45152, 'Hazel Park', 3945),
(45153, 'Highland Park', 3945),
(45154, 'Holland', 3945),
(45155, 'Holly', 3945),
(45156, 'Holt', 3945),
(45157, 'Houghton', 3945),
(45158, 'Hudsonville', 3945),
(45159, 'Huntington Woods', 3945),
(45160, 'Imlay', 3945),
(45161, 'Inkster', 3945),
(45162, 'Jackon', 3945),
(45163, 'Jackson', 3945),
(45164, 'Jenison', 3945),
(45165, 'Kalamazoo', 3945),
(45166, 'Kalkaska', 3945),
(45167, 'Kentwood', 3945),
(45168, 'Kingsford', 3945),
(45169, 'Lansing', 3945),
(45170, 'Lapeer', 3945),
(45171, 'Lincoln Park', 3945),
(45172, 'Litchfield', 3945),
(45173, 'Livonia', 3945),
(45174, 'Ludington', 3945),
(45175, 'Macomb', 3945),
(45176, 'Madison Heights', 3945),
(45177, 'Manistee', 3945),
(45178, 'Marquette', 3945),
(45179, 'Marysville', 3945),
(45180, 'Melvindale', 3945),
(45181, 'Midland', 3945),
(45182, 'Monroe', 3945),
(45183, 'Mount Clemens', 3945),
(45184, 'Mount Morris', 3945),
(45185, 'Mount Pleasant', 3945),
(45186, 'Mt. Pleasant', 3945),
(45187, 'Muskegon', 3945),
(45188, 'Muskegon Heights', 3945),
(45189, 'New Hudson', 3945),
(45190, 'Newaygo', 3945),
(45191, 'Niles', 3945),
(45192, 'Northview', 3945),
(45193, 'Northville', 3945),
(45194, 'Norton Shores', 3945),
(45195, 'Novi', 3945),
(45196, 'Oak Park', 3945),
(45197, 'Okemos', 3945),
(45198, 'Oscoda', 3945),
(45199, 'Owosso', 3945),
(45200, 'Oxford', 3945),
(45201, 'Petoskey', 3945),
(45202, 'Pinckney', 3945),
(45203, 'Plymouth Township', 3945),
(45204, 'Pontiac', 3945),
(45205, 'Port Huron', 3945),
(45206, 'Portage', 3945),
(45207, 'Redford', 3945),
(45208, 'Reese', 3945),
(45209, 'River Rouge', 3945),
(45210, 'Riverview', 3945),
(45211, 'Rochester Hills', 3945),
(45212, 'Rockford', 3945),
(45213, 'Romeo', 3945),
(45214, 'Romulus', 3945),
(45215, 'Roseville', 3945),
(45216, 'Royal Oak', 3945),
(45217, 'Saginaw', 3945),
(45218, 'Saginaw Township North', 3945),
(45219, 'Saginaw Township South', 3945),
(45220, 'Saint Clair Shores', 3945),
(45221, 'Saint Louis', 3945),
(45222, 'Saline', 3945),
(45223, 'Saugatuck', 3945),
(45224, 'Sault Sainte Marie', 3945),
(45225, 'Schoolcraft', 3945),
(45226, 'Shelby', 3945),
(45227, 'Southfield', 3945),
(45228, 'Southgate', 3945),
(45229, 'Sterling Heights', 3945),
(45230, 'Sturgis', 3945),
(45231, 'Taylor', 3945),
(45232, 'Traverse City', 3945),
(45233, 'Trenton', 3945),
(45234, 'Troy', 3945),
(45235, 'Walker', 3945),
(45236, 'Walled Lake', 3945),
(45237, 'Warren', 3945),
(45238, 'Waterford', 3945),
(45239, 'Waverly', 3945),
(45240, 'Wayne', 3945),
(45241, 'West Bloomfield Township', 3945),
(45242, 'Westland', 3945),
(45243, 'White Lake', 3945),
(45244, 'Whitmore Lake', 3945),
(45245, 'Williamston', 3945),
(45246, 'Wixom', 3945),
(45247, 'Woodhaven', 3945),
(45248, 'Wyandotte', 3945),
(45249, 'Wyoming', 3945),
(45250, 'Ypsilanti', 3945),
(45251, 'Albert Lea', 3946),
(45252, 'Alger', 3946),
(45253, 'Andover', 3946),
(45254, 'Annandale', 3946),
(45255, 'Anoka', 3946),
(45256, 'Apple Valley', 3946),
(45257, 'Austin', 3946),
(45258, 'Baxter', 3946),
(45259, 'Bemidji', 3946),
(45260, 'Blaine', 3946),
(45261, 'Blomkest', 3946),
(45262, 'Bloomington', 3946),
(45263, 'Blue Earth', 3946),
(45264, 'Brainerd', 3946),
(45265, 'Brooklyn Center', 3946),
(45266, 'Brooklyn Park', 3946),
(45267, 'Burnsville', 3946),
(45268, 'Champlin', 3946),
(45269, 'Chanhassen', 3946),
(45270, 'Chaska', 3946),
(45271, 'Chatfield', 3946),
(45272, 'Circle Pines', 3946),
(45273, 'Cloquet', 3946),
(45274, 'Cokato', 3946),
(45275, 'Columbia Heights', 3946),
(45276, 'Coon Rapids', 3946),
(45277, 'Cottage Grove', 3946),
(45278, 'Crystal', 3946),
(45279, 'Duluth', 3946),
(45280, 'Eagan', 3946),
(45281, 'East Bethel', 3946),
(45282, 'Eden Prairie', 3946),
(45283, 'Edina', 3946),
(45284, 'Elk River', 3946),
(45285, 'Ely', 3946),
(45286, 'Fairmont', 3946),
(45287, 'Faribault', 3946),
(45288, 'Farmington', 3946),
(45289, 'Fergus Falls', 3946),
(45290, 'Frazee', 3946),
(45291, 'Fridley', 3946),
(45292, 'Golden Valley', 3946),
(45293, 'Grand Rapids', 3946),
(45294, 'Ham Lake', 3946),
(45295, 'Hamel', 3946),
(45296, 'Hastings', 3946),
(45297, 'Hibbing', 3946),
(45298, 'Hopkins', 3946),
(45299, 'Houston', 3946),
(45300, 'Hutchinson', 3946),
(45301, 'Inver Grove Heights', 3946),
(45302, 'Isanti', 3946),
(45303, 'LaCrescent', 3946),
(45304, 'Lakeville', 3946),
(45305, 'Le Sueur', 3946),
(45306, 'Lino Lakes', 3946),
(45307, 'Litchfield', 3946),
(45308, 'Mankato', 3946),
(45309, 'Maple Grove', 3946),
(45310, 'Maplewood', 3946),
(45311, 'Marshall', 3946),
(45312, 'Mendota Heights', 3946),
(45313, 'Minneapolis', 3946),
(45314, 'Minnetonka', 3946),
(45315, 'Moorhead', 3946),
(45316, 'Mounds View', 3946),
(45317, 'Nelson', 3946),
(45318, 'New Brighton', 3946),
(45319, 'New Hope', 3946),
(45320, 'New Ulm', 3946),
(45321, 'North Mankato', 3946),
(45322, 'North Saint Paul', 3946),
(45323, 'Northfield', 3946),
(45324, 'Oakdale', 3946),
(45325, 'Onamia', 3946),
(45326, 'Owatonna', 3946),
(45327, 'Pequot Lakes', 3946),
(45328, 'Plymouth', 3946),
(45329, 'Prior Lake', 3946),
(45330, 'Ramsey', 3946),
(45331, 'Red Wing', 3946),
(45332, 'Renville', 3946),
(45333, 'Richfield', 3946),
(45334, 'Robbinsdale', 3946),
(45335, 'Rochester', 3946),
(45336, 'Rosemount', 3946),
(45337, 'Roseville', 3946),
(45338, 'Royalton', 3946),
(45339, 'Saint Cloud', 3946),
(45340, 'Saint Louis Park', 3946),
(45341, 'Saint Michael', 3946),
(45342, 'Saint Paul', 3946),
(45343, 'Saint Peter', 3946),
(45344, 'Sauk Rapids', 3946),
(45345, 'Savage', 3946),
(45346, 'Shakopee', 3946),
(45347, 'Shoreview', 3946),
(45348, 'South Saint Paul', 3946),
(45349, 'St. Paul', 3946),
(45350, 'Stewartville', 3946),
(45351, 'Stillwater', 3946),
(45352, 'Vadnais Heights', 3946),
(45353, 'Waconia', 3946),
(45354, 'Wadena', 3946),
(45355, 'West Saint Paul', 3946),
(45356, 'White Bear Lake', 3946),
(45357, 'Willmar', 3946),
(45358, 'Winona', 3946),
(45359, 'Woodbury', 3946),
(45360, 'Worthington', 3946),
(45361, 'Bay Saint Louis', 3947),
(45362, 'Biloxi', 3947),
(45363, 'Brandon', 3947),
(45364, 'Brookhaven', 3947),
(45365, 'Byhalia', 3947),
(45366, 'Byram', 3947),
(45367, 'Canton', 3947),
(45368, 'Clarksdale', 3947),
(45369, 'Cleveland', 3947),
(45370, 'Clinton', 3947),
(45371, 'Columbus', 3947),
(45372, 'Corinth', 3947),
(45373, 'Diamondhead', 3947),
(45374, 'Gautier', 3947),
(45375, 'Greenville', 3947),
(45376, 'Greenwood', 3947),
(45377, 'Grenada', 3947),
(45378, 'Gulfport', 3947),
(45379, 'Hattiesburg', 3947),
(45380, 'Hernando', 3947),
(45381, 'Horn Lake', 3947),
(45382, 'Indianola', 3947),
(45383, 'Jackson', 3947),
(45384, 'Laurel', 3947),
(45385, 'Long Beach', 3947),
(45386, 'Lucedale', 3947),
(45387, 'MacComb', 3947),
(45388, 'Madison', 3947),
(45389, 'Magnolia', 3947),
(45390, 'Meridian', 3947),
(45391, 'Michigan City', 3947),
(45392, 'Moselle', 3947),
(45393, 'Moss Point', 3947),
(45394, 'Natchez', 3947),
(45395, 'Ocean Springs', 3947),
(45396, 'Olive Branch', 3947),
(45397, 'Orange Grove', 3947),
(45398, 'Oxford', 3947),
(45399, 'Pascagoula', 3947),
(45400, 'Pearl', 3947),
(45401, 'Pelahatchie', 3947),
(45402, 'Picayune', 3947),
(45403, 'Quitman', 3947),
(45404, 'Ridgeland', 3947),
(45405, 'Senatobia', 3947),
(45406, 'Southaven', 3947),
(45407, 'Southhaven', 3947),
(45408, 'Starkville', 3947),
(45409, 'Tupelo', 3947),
(45410, 'Utica', 3947),
(45411, 'Vicksburg', 3947),
(45412, 'Yazoo City', 3947),
(45413, 'Affton', 3948),
(45414, 'Annapolis', 3948),
(45415, 'Arnold', 3948),
(45416, 'Ballwin', 3948),
(45417, 'Belgique', 3948),
(45418, 'Bellefontaine Neighbors', 3948),
(45419, 'Belton', 3948),
(45420, 'Berkeley', 3948),
(45421, 'Blue Springs', 3948),
(45422, 'Branson', 3948),
(45423, 'Bridgeton', 3948),
(45424, 'Brighton', 3948),
(45425, 'California', 3948),
(45426, 'Camdenton', 3948),
(45427, 'Cape Girardeau', 3948),
(45428, 'Carthage', 3948),
(45429, 'Chaffee', 3948),
(45430, 'Chesterfield', 3948),
(45431, 'Chillicothe', 3948),
(45432, 'Clayton', 3948),
(45433, 'Clever', 3948),
(45434, 'Columbia', 3948),
(45435, 'Concord', 3948),
(45436, 'Crestwood', 3948),
(45437, 'Creve Coeur', 3948),
(45438, 'Desloge', 3948),
(45439, 'Dora', 3948),
(45440, 'Earth City', 3948),
(45441, 'Excelsior Springs', 3948),
(45442, 'Farmington', 3948),
(45443, 'Fenton', 3948),
(45444, 'Ferguson', 3948),
(45445, 'Florissant', 3948),
(45446, 'Forsyth', 3948),
(45447, 'Fort Leonard Wood', 3948),
(45448, 'Fulton', 3948),
(45449, 'Gladstone', 3948),
(45450, 'Grain Valley', 3948),
(45451, 'Grandview', 3948),
(45452, 'Gravois Mills', 3948),
(45453, 'Hannibal', 3948),
(45454, 'Harrisonville', 3948),
(45455, 'Hazelwood', 3948),
(45456, 'High Ridge', 3948),
(45457, 'Independence', 3948),
(45458, 'Jackson', 3948),
(45459, 'Jefferson City', 3948),
(45460, 'Jennings', 3948),
(45461, 'Joplin', 3948),
(45462, 'Kansas City', 3948),
(45463, 'Kennett', 3948),
(45464, 'Kirksville', 3948),
(45465, 'Kirkwood', 3948),
(45466, 'Kissee Mills', 3948),
(45467, 'Lamar', 3948),
(45468, 'Lebanon', 3948),
(45469, 'Lees Summit', 3948),
(45470, 'Lemay', 3948),
(45471, 'Liberty', 3948),
(45472, 'Lone Jack', 3948),
(45473, 'Marshall', 3948),
(45474, 'Maryland Heights', 3948),
(45475, 'Maryville', 3948),
(45476, 'Mehlville', 3948),
(45477, 'Mexico', 3948),
(45478, 'Moberly', 3948),
(45479, 'Murphy', 3948),
(45480, 'Nixa', 3948),
(45481, 'O\'Fallon', 3948),
(45482, 'Oakville', 3948),
(45483, 'Overland', 3948),
(45484, 'Pacific', 3948),
(45485, 'Park Hills', 3948),
(45486, 'Parkville', 3948),
(45487, 'Peculiar', 3948),
(45488, 'Poplar Bluff', 3948),
(45489, 'Raytown', 3948),
(45490, 'Richmond Heights', 3948),
(45491, 'Rolla', 3948),
(45492, 'Saint Ann', 3948),
(45493, 'Saint Charles', 3948),
(45494, 'Saint Clair', 3948),
(45495, 'Saint Joseph', 3948),
(45496, 'Saint Louis', 3948),
(45497, 'Saint Peters', 3948),
(45498, 'Sappington', 3948),
(45499, 'Sedalia', 3948),
(45500, 'Sikeston', 3948),
(45501, 'Spanish Lake', 3948),
(45502, 'Springfield', 3948),
(45503, 'St. Louis', 3948),
(45504, 'Steelville', 3948),
(45505, 'Sunrise Beach', 3948),
(45506, 'Town and Country', 3948),
(45507, 'Trimble', 3948),
(45508, 'Troy', 3948),
(45509, 'University City', 3948),
(45510, 'Warrensburg', 3948),
(45511, 'Washington', 3948),
(45512, 'Webb City', 3948),
(45513, 'Webster Groves', 3948),
(45514, 'Wentzville', 3948),
(45515, 'West Plains', 3948),
(45516, 'Wildwood', 3948),
(45517, 'Anaconda-Deer Lodge County', 3949),
(45518, 'Arlee', 3949),
(45519, 'Belgrade', 3949),
(45520, 'Billings', 3949),
(45521, 'Bozeman', 3949),
(45522, 'Butte', 3949),
(45523, 'Butte-Silver Bow', 3949),
(45524, 'Great Falls', 3949),
(45525, 'Hamilton', 3949),
(45526, 'Havre', 3949),
(45527, 'Helena', 3949),
(45528, 'Helena Valley Southeast', 3949),
(45529, 'Helena Valley West Central', 3949),
(45530, 'Kalispell', 3949),
(45531, 'Lame Deer', 3949),
(45532, 'Laurel', 3949),
(45533, 'Lewistown', 3949),
(45534, 'Livingston', 3949),
(45535, 'Malmstrom Air Force Base', 3949),
(45536, 'Manhattan', 3949),
(45537, 'Miles City', 3949),
(45538, 'Missoula', 3949),
(45539, 'Orchard Homes', 3949),
(45540, 'Pablo', 3949),
(45541, 'Polson', 3949),
(45542, 'Roberts', 3949),
(45543, 'Ryegate', 3949),
(45544, 'Sidney', 3949),
(45545, 'Stevensville', 3949),
(45546, 'Whitefish', 3949),
(45547, 'Beatrice', 3950),
(45548, 'Bellevue', 3950),
(45549, 'Central City', 3950),
(45550, 'Columbus', 3950),
(45551, 'Cozad', 3950),
(45552, 'Creighton', 3950),
(45553, 'Fremont', 3950),
(45554, 'Gering', 3950),
(45555, 'Grand Island', 3950),
(45556, 'Hastings', 3950),
(45557, 'Homer', 3950),
(45558, 'Keamey', 3950),
(45559, 'Kearney', 3950),
(45560, 'La Vista', 3950),
(45561, 'Lexington', 3950),
(45562, 'Lincoln', 3950),
(45563, 'McCook', 3950),
(45564, 'Norfolk', 3950),
(45565, 'North Platte', 3950),
(45566, 'Offutt Air Force Base West', 3950),
(45567, 'Ogallala', 3950),
(45568, 'Omaha', 3950),
(45569, 'Papillion', 3950),
(45570, 'Scottsbluff', 3950),
(45571, 'South Sioux City', 3950),
(45572, 'Boulder City', 3951),
(45573, 'Carson City', 3951),
(45574, 'Elko', 3951),
(45575, 'Goldfield', 3951),
(45576, 'Henderson', 3951),
(45577, 'Las Vegas', 3951),
(45578, 'Laughlin', 3951),
(45579, 'Lovelock', 3951),
(45580, 'Mesquite', 3951),
(45581, 'Nellis Air Force Base', 3951),
(45582, 'North Las Vegas', 3951),
(45583, 'Pahrump', 3951),
(45584, 'Paradise', 3951),
(45585, 'Reno', 3951),
(45586, 'Sparks', 3951),
(45587, 'Spring Valley', 3951),
(45588, 'Sun Valley', 3951),
(45589, 'Sunrise Manor', 3951),
(45590, 'Winchester', 3951),
(45591, 'Winnemucca', 3951),
(45592, 'Akron', 3959),
(45593, 'Alledonia', 3959),
(45594, 'Alliance', 3959),
(45595, 'Amherst', 3959),
(45596, 'Apple Creek', 3959),
(45597, 'Archbold', 3959),
(45598, 'Ashland', 3959),
(45599, 'Ashtabula', 3959),
(45600, 'Athens', 3959),
(45601, 'Atwater', 3959),
(45602, 'Aurora', 3959),
(45603, 'Austintown', 3959),
(45604, 'Avon Lake', 3959),
(45605, 'Barberton', 3959),
(45606, 'Batavia', 3959),
(45607, 'Bay Village', 3959),
(45608, 'Beachwood', 3959),
(45609, 'Beavercreek', 3959),
(45610, 'Bedford', 3959),
(45611, 'Bedford Heights', 3959),
(45612, 'Bellaire', 3959),
(45613, 'Bellefontaine', 3959),
(45614, 'Bellevue', 3959),
(45615, 'Berea', 3959),
(45616, 'Bexley', 3959),
(45617, 'Blacklick', 3959),
(45618, 'Blacklick Estates', 3959),
(45619, 'Blanchester', 3959),
(45620, 'Blue Ash', 3959),
(45621, 'Boardman', 3959),
(45622, 'Bowling Green', 3959),
(45623, 'Brecksville', 3959),
(45624, 'Bridgetown North', 3959),
(45625, 'Bristolville', 3959),
(45626, 'Broadview Heights', 3959),
(45627, 'Brook Park', 3959),
(45628, 'Brooklyn', 3959),
(45629, 'Brunswick', 3959),
(45630, 'Bryan', 3959),
(45631, 'Bucyrus', 3959),
(45632, 'Burton', 3959),
(45633, 'Cambridge', 3959),
(45634, 'Campbell', 3959),
(45635, 'Canal Winchester', 3959),
(45636, 'Canton', 3959),
(45637, 'Carlisle', 3959),
(45638, 'Celina', 3959),
(45639, 'Centerville', 3959),
(45640, 'Chagrin Falls', 3959),
(45641, 'Chardon', 3959),
(45642, 'Cheshire', 3959),
(45643, 'Chillicothe', 3959),
(45644, 'Chippewa Lake', 3959),
(45645, 'Cincinnati', 3959),
(45646, 'Circleville', 3959),
(45647, 'Cleveland', 3959),
(45648, 'Cleveland Heights', 3959),
(45649, 'Columbus', 3959),
(45650, 'Conneaut', 3959),
(45651, 'Coshocton', 3959),
(45652, 'Cuyahoga Falls', 3959),
(45653, 'Dayton', 3959),
(45654, 'Defiance', 3959),
(45655, 'Delaware', 3959),
(45656, 'Dover', 3959),
(45657, 'Dublin', 3959),
(45658, 'East Cleveland', 3959),
(45659, 'East Liverpool', 3959),
(45660, 'Eastlake', 3959),
(45661, 'Elyria', 3959),
(45662, 'Englewood', 3959),
(45663, 'Euclid', 3959),
(45664, 'Fairborn', 3959),
(45665, 'Fairfield', 3959),
(45666, 'Fairview Park', 3959),
(45667, 'Findlay', 3959),
(45668, 'Finneytown', 3959),
(45669, 'Forest Park', 3959),
(45670, 'Fort MacKinley', 3959),
(45671, 'Fostoria', 3959),
(45672, 'Fremont', 3959),
(45673, 'Gahanna', 3959),
(45674, 'Galion', 3959),
(45675, 'Garfield Heights', 3959),
(45676, 'Girard', 3959),
(45677, 'Glenwillow', 3959),
(45678, 'Green', 3959),
(45679, 'Greenville', 3959),
(45680, 'Grove City', 3959),
(45681, 'Hamilton', 3959),
(45682, 'Harrison', 3959),
(45683, 'Hilliard', 3959),
(45684, 'Hiram', 3959),
(45685, 'Holland', 3959),
(45686, 'Huber Heights', 3959),
(45687, 'Hudson', 3959),
(45688, 'Ironton', 3959),
(45689, 'Kent', 3959),
(45690, 'Kettering', 3959),
(45691, 'Kidron', 3959),
(45692, 'Lakewood', 3959),
(45693, 'Lancaster', 3959),
(45694, 'Lebanon', 3959),
(45695, 'Lewis Center', 3959),
(45696, 'Lima', 3959),
(45697, 'Lincoln Village', 3959),
(45698, 'Lorain', 3959),
(45699, 'Loveland', 3959),
(45700, 'Lyndhurst', 3959),
(45701, 'Macedonia', 3959),
(45702, 'Madison', 3959),
(45703, 'Maineville', 3959),
(45704, 'Mansfield', 3959),
(45705, 'Maple Heights', 3959),
(45706, 'Marietta', 3959),
(45707, 'Marion', 3959),
(45708, 'Marysville', 3959),
(45709, 'Mason', 3959),
(45710, 'Massillon', 3959),
(45711, 'Maumee', 3959),
(45712, 'Mayfield Heights', 3959),
(45713, 'Medina', 3959),
(45714, 'Mentor', 3959),
(45715, 'Miamisburg', 3959),
(45716, 'Middleburg Heights', 3959),
(45717, 'Middletown', 3959),
(45718, 'Milford', 3959),
(45719, 'Millbury', 3959),
(45720, 'Mineral City', 3959),
(45721, 'Minster', 3959),
(45722, 'Mount Gilead', 3959),
(45723, 'Mount Vernon', 3959),
(45724, 'Nelsonville', 3959),
(45725, 'New Albany', 3959),
(45726, 'New Philadelphia', 3959),
(45727, 'Newark', 3959),
(45728, 'Niles', 3959),
(45729, 'North Canton', 3959),
(45730, 'North College Hill', 3959),
(45731, 'North Lewisburg', 3959),
(45732, 'North Olmsted', 3959),
(45733, 'North Ridgeville', 3959),
(45734, 'North Royalton', 3959),
(45735, 'Northbrook', 3959),
(45736, 'Northfield', 3959),
(45737, 'Northview', 3959),
(45738, 'Norton', 3959),
(45739, 'Norwalk', 3959),
(45740, 'Norwood', 3959),
(45741, 'Oberlin', 3959),
(45742, 'Ohio', 3959),
(45743, 'Oregon', 3959),
(45744, 'Overlook-Page Manor', 3959),
(45745, 'Oxford', 3959),
(45746, 'Painesville', 3959),
(45747, 'Parma', 3959),
(45748, 'Parma Heights', 3959),
(45749, 'Peninsula', 3959),
(45750, 'Perrysburg', 3959),
(45751, 'Pickerington', 3959),
(45752, 'Piqua', 3959),
(45753, 'Portage Lakes', 3959),
(45754, 'Portsmouth', 3959),
(45755, 'Powell', 3959),
(45756, 'Ravenna', 3959),
(45757, 'Reading', 3959),
(45758, 'Reynoldsburg', 3959),
(45759, 'Rittman', 3959),
(45760, 'Riverside', 3959),
(45761, 'Rocky River', 3959),
(45762, 'Rossford', 3959),
(45763, 'Salem', 3959),
(45764, 'Sandusky', 3959),
(45765, 'Seven Hills', 3959),
(45766, 'Seville', 3959),
(45767, 'Shaker Heights', 3959),
(45768, 'Sharonville', 3959),
(45769, 'Sheffield Lake', 3959),
(45770, 'Shelby', 3959),
(45771, 'Sidney', 3959),
(45772, 'Solon', 3959),
(45773, 'South Euclid', 3959),
(45774, 'Springdale', 3959),
(45775, 'Springfield', 3959),
(45776, 'Steubenville', 3959),
(45777, 'Stow', 3959),
(45778, 'Streetsboro', 3959),
(45779, 'Strongsville', 3959),
(45780, 'Struthers', 3959),
(45781, 'Sylvania', 3959),
(45782, 'Tallmadge', 3959),
(45783, 'Tiffin', 3959),
(45784, 'Toledo', 3959),
(45785, 'Trotwood', 3959),
(45786, 'Troy', 3959),
(45787, 'Twinsburg', 3959),
(45788, 'University Heights', 3959),
(45789, 'Upper Arlington', 3959),
(45790, 'Urbana', 3959),
(45791, 'Valley Glen', 3959),
(45792, 'Van Wert', 3959),
(45793, 'Vandalia', 3959),
(45794, 'Vermilion', 3959),
(45795, 'Wadsworth', 3959),
(45796, 'Warren', 3959),
(45797, 'Warrensville Heights', 3959),
(45798, 'Washington', 3959),
(45799, 'Waverly', 3959),
(45800, 'West Carrollton City', 3959),
(45801, 'West Chester', 3959),
(45802, 'Westerville', 3959),
(45803, 'Westlake', 3959),
(45804, 'White Oak', 3959),
(45805, 'Whitehall', 3959),
(45806, 'Wickliffe', 3959),
(45807, 'Willoughby', 3959),
(45808, 'Willowick', 3959),
(45809, 'Wilmington', 3959),
(45810, 'Winesburg', 3959),
(45811, 'Wooster', 3959),
(45812, 'Worthington', 3959),
(45813, 'Xenia', 3959),
(45814, 'Yellow Springs', 3959),
(45815, 'Youngstown', 3959),
(45816, 'Zanesville', 3959),
(45817, 'Ada', 3960),
(45818, 'Altus', 3960),
(45819, 'Ardmore', 3960),
(45820, 'Bartlesville', 3960),
(45821, 'Bethany', 3960),
(45822, 'Bixby', 3960),
(45823, 'Broken Arrow', 3960),
(45824, 'Catoosa', 3960),
(45825, 'Chickasha', 3960),
(45826, 'Choctaw', 3960),
(45827, 'Claremore', 3960),
(45828, 'Del City', 3960),
(45829, 'Duncan', 3960),
(45830, 'Durant', 3960),
(45831, 'Edmond', 3960),
(45832, 'El Reno', 3960),
(45833, 'Elk City', 3960),
(45834, 'Enid', 3960),
(45835, 'Fort Sill', 3960),
(45836, 'Grove', 3960),
(45837, 'Guthrie', 3960),
(45838, 'Heavener', 3960),
(45839, 'Hugo', 3960),
(45840, 'Lawton', 3960),
(45841, 'Lindsay', 3960),
(45842, 'MacAlester', 3960),
(45843, 'Miami', 3960),
(45844, 'Midwest City', 3960),
(45845, 'Moore', 3960),
(45846, 'Morrison', 3960),
(45847, 'Muskogee', 3960),
(45848, 'Mustang', 3960),
(45849, 'Norman', 3960),
(45850, 'Oklahoma City', 3960),
(45851, 'Okmulgee', 3960),
(45852, 'Owasso', 3960),
(45853, 'Pawnee', 3960),
(45854, 'Ponca City', 3960),
(45855, 'Rattan', 3960),
(45856, 'Sand Springs', 3960),
(45857, 'Sapulpa', 3960),
(45858, 'Shawnee', 3960),
(45859, 'Stillwater', 3960),
(45860, 'Sulphur', 3960),
(45861, 'Tahlequah', 3960),
(45862, 'The Village', 3960),
(45863, 'Tulsa', 3960),
(45864, 'Weatherford', 3960),
(45865, 'Welch', 3960),
(45866, 'Woodward', 3960),
(45867, 'Yukon', 3960),
(45868, 'Point Edward', 3961),
(45869, 'Woodbridge', 3961),
(45870, 'Albany', 3962),
(45871, 'Aloha', 3962),
(45872, 'Altamont', 3962),
(45873, 'Arleta', 3962),
(45874, 'Ashland', 3962),
(45875, 'Astoria', 3962),
(45876, 'Baker City', 3962),
(45877, 'Beaverton', 3962),
(45878, 'Bend', 3962),
(45879, 'Canby', 3962),
(45880, 'Cave Junction', 3962),
(45881, 'Cedar Hills', 3962),
(45882, 'Cedar Mill', 3962),
(45883, 'Central Point', 3962),
(45884, 'City of The Dalles', 3962),
(45885, 'Coos Bay', 3962),
(45886, 'Corvallis', 3962),
(45887, 'Creswell', 3962),
(45888, 'Dallas', 3962),
(45889, 'Donald', 3962),
(45890, 'Eugene', 3962),
(45891, 'Forest Grove', 3962),
(45892, 'Four Corners', 3962),
(45893, 'Gladstone', 3962),
(45894, 'Glide', 3962),
(45895, 'Grants Pass', 3962),
(45896, 'Gresham', 3962),
(45897, 'Hayesville', 3962),
(45898, 'Hazelwood', 3962),
(45899, 'Hermiston', 3962),
(45900, 'Hillsboro', 3962),
(45901, 'Hood River', 3962),
(45902, 'Hubbard', 3962),
(45903, 'John Day', 3962),
(45904, 'Jordan Valley', 3962),
(45905, 'Keizer', 3962),
(45906, 'Klamath Falls', 3962),
(45907, 'La Grande', 3962),
(45908, 'Lake Oswego', 3962),
(45909, 'Lebanon', 3962),
(45910, 'Lincoln', 3962),
(45911, 'MacMinnville', 3962),
(45912, 'Medford', 3962),
(45913, 'Milwaukie', 3962),
(45914, 'Newberg', 3962),
(45915, 'Newport', 3962),
(45916, 'North Bend', 3962),
(45917, 'OBrien', 3962),
(45918, 'Oak Grove', 3962),
(45919, 'Oatfield', 3962),
(45920, 'Ontario', 3962),
(45921, 'Oregon City', 3962),
(45922, 'Pendleton', 3962),
(45923, 'Portland', 3962),
(45924, 'Redmond', 3962),
(45925, 'Riddle', 3962),
(45926, 'River Road', 3962),
(45927, 'Roseburg', 3962),
(45928, 'Salem', 3962),
(45929, 'Sherwood', 3962),
(45930, 'Springfield', 3962),
(45931, 'Sublimity', 3962),
(45932, 'Sutherlin', 3962),
(45933, 'Talent', 3962),
(45934, 'Tigard', 3962),
(45935, 'Troutdale', 3962),
(45936, 'Tualatin', 3962),
(45937, 'Turner', 3962),
(45938, 'Vaughn', 3962),
(45939, 'West Linn', 3962),
(45940, 'Wilsonville', 3962),
(45941, 'Woodburn', 3962),
(45942, 'Akron', 3963),
(45943, 'Aliquippa', 3963),
(45944, 'Allentown', 3963),
(45945, 'Altoona', 3963),
(45946, 'Ambler', 3963),
(45947, 'Amityville', 3963),
(45948, 'Ardmore', 3963),
(45949, 'Audubon', 3963),
(45950, 'Back Mountain', 3963),
(45951, 'Baldwin', 3963),
(45952, 'Bangor', 3963),
(45953, 'Beaver Falls', 3963),
(45954, 'Belle Vernon', 3963),
(45955, 'Bensalem', 3963),
(45956, 'Berwick', 3963),
(45957, 'Berwyn', 3963),
(45958, 'Bethel Park', 3963),
(45959, 'Bethlehem', 3963),
(45960, 'Bloomsburg', 3963),
(45961, 'Boyertown', 3963),
(45962, 'Bradford', 3963),
(45963, 'Brentwood', 3963),
(45964, 'Bridgeport', 3963),
(45965, 'Bristol', 3963),
(45966, 'Brockway', 3963),
(45967, 'Broomall', 3963),
(45968, 'Bushkill', 3963),
(45969, 'Butler', 3963),
(45970, 'Camp Hill', 3963),
(45971, 'Canonsburg', 3963),
(45972, 'Carbondale', 3963),
(45973, 'Carlisle', 3963),
(45974, 'Carnegie', 3963),
(45975, 'Carnot Moon', 3963),
(45976, 'Chambersburg', 3963),
(45977, 'Chester', 3963),
(45978, 'Chester Springs', 3963),
(45979, 'Clarks Summit', 3963),
(45980, 'Coatesville', 3963),
(45981, 'Colonial Park', 3963),
(45982, 'Columbia', 3963),
(45983, 'Conshohocken', 3963),
(45984, 'Coraopolis', 3963),
(45985, 'Corry', 3963),
(45986, 'Cranberry Township', 3963),
(45987, 'Cresco', 3963),
(45988, 'Croydon', 3963),
(45989, 'Dallas', 3963),
(45990, 'Dallastown', 3963),
(45991, 'Darby', 3963),
(45992, 'Darby Township', 3963),
(45993, 'Downingtown', 3963),
(45994, 'Drexel Hill', 3963),
(45995, 'Duncansville', 3963),
(45996, 'Dunmore', 3963),
(45997, 'East Norriton', 3963),
(45998, 'East Stroudsburg', 3963),
(45999, 'Easton', 3963),
(46000, 'Economy', 3963),
(46001, 'Edinboro', 3963),
(46002, 'Elizabethtown', 3963),
(46003, 'Elkins Park', 3963),
(46004, 'Emmaus', 3963),
(46005, 'Ephrata', 3963),
(46006, 'Erdenheim', 3963),
(46007, 'Erie', 3963),
(46008, 'Erwinna', 3963),
(46009, 'Exton', 3963),
(46010, 'Feasterville', 3963),
(46011, 'Folcroft', 3963),
(46012, 'Franklin', 3963),
(46013, 'Franklin Park', 3963),
(46014, 'Frederick', 3963),
(46015, 'Fullerton', 3963),
(46016, 'Furlong', 3963),
(46017, 'Gettysburg', 3963),
(46018, 'Gibsonia', 3963),
(46019, 'Glenside', 3963),
(46020, 'Gordonville', 3963),
(46021, 'Greensburg', 3963),
(46022, 'Gwynedd', 3963),
(46023, 'Hampden Township', 3963),
(46024, 'Hanover', 3963),
(46025, 'Harleysville', 3963),
(46026, 'Harrisburg', 3963),
(46027, 'Harrison Township', 3963),
(46028, 'Hatboro', 3963),
(46029, 'Haverford', 3963),
(46030, 'Havertown', 3963),
(46031, 'Hazleton', 3963),
(46032, 'Hermitage', 3963),
(46033, 'Hershey', 3963),
(46034, 'Hollidaysburg', 3963),
(46035, 'Horsham', 3963),
(46036, 'Huntingdon Valley', 3963),
(46037, 'Indiana', 3963),
(46038, 'Irvine', 3963),
(46039, 'Ivyland', 3963),
(46040, 'Jeannette', 3963),
(46041, 'Jefferson', 3963),
(46042, 'Jenkintown', 3963),
(46043, 'Johnstown', 3963),
(46044, 'Kempton', 3963),
(46045, 'Kennett Square', 3963),
(46046, 'King of Prussia', 3963),
(46047, 'Kingston', 3963),
(46048, 'Kutztown', 3963),
(46049, 'Lafayette Hill', 3963),
(46050, 'Lancaster', 3963),
(46051, 'Landenberg', 3963),
(46052, 'Langhorne', 3963),
(46053, 'Lansdale', 3963),
(46054, 'Lansdowne', 3963),
(46055, 'Lansford', 3963),
(46056, 'Laurys Station', 3963),
(46057, 'Lebanon', 3963),
(46058, 'Lehighton', 3963),
(46059, 'Levittown', 3963),
(46060, 'Lincoln University', 3963),
(46061, 'Linesville', 3963),
(46062, 'Linwood', 3963),
(46063, 'Lower Burrell', 3963),
(46064, 'Lower Merion', 3963),
(46065, 'MacCandless Township', 3963),
(46066, 'MacKeesport', 3963),
(46067, 'Malvern', 3963),
(46068, 'Meadville', 3963),
(46069, 'Mechanicsburg', 3963),
(46070, 'Media', 3963),
(46071, 'Merion Station', 3963),
(46072, 'Middleburg', 3963),
(46073, 'Mifflinville', 3963),
(46074, 'Milanville', 3963),
(46075, 'Milford', 3963),
(46076, 'Millersburg', 3963),
(46077, 'Monessen', 3963),
(46078, 'Moscow', 3963),
(46079, 'Mount Carmel', 3963),
(46080, 'Mount Lebanon', 3963),
(46081, 'Mountville', 3963),
(46082, 'Munhall', 3963),
(46083, 'Municipality of Monroeville', 3963),
(46084, 'Municipality of Murrysville', 3963),
(46085, 'N. Charleroi', 3963),
(46086, 'Nanticoke', 3963),
(46087, 'Narberth', 3963),
(46088, 'Natrona Heights', 3963),
(46089, 'Nazareth', 3963),
(46090, 'Nether Providence Township', 3963),
(46091, 'New Buffalo', 3963),
(46092, 'New Carlisle', 3963),
(46093, 'New Castle', 3963),
(46094, 'New Cumberland', 3963),
(46095, 'New Hope', 3963),
(46096, 'New Kensington', 3963),
(46097, 'Newton', 3963),
(46098, 'Newtown', 3963),
(46099, 'Newville', 3963),
(46100, 'Norristown', 3963),
(46101, 'North East', 3963),
(46102, 'North Versailles', 3963),
(46103, 'North Wales', 3963),
(46104, 'Oaks', 3963),
(46105, 'Oil City', 3963),
(46106, 'Olyphant', 3963),
(46107, 'Orrtanna', 3963),
(46108, 'Orwigsburg', 3963),
(46109, 'Oxford', 3963),
(46110, 'Paoli', 3963),
(46111, 'Parksburg', 3963),
(46112, 'Penn Hills', 3963),
(46113, 'Philadelphia', 3963),
(46114, 'Phildelphia', 3963),
(46115, 'Phoenixville', 3963),
(46116, 'Pipersville', 3963),
(46117, 'Pittsburgh', 3963),
(46118, 'Pleasantville', 3963),
(46119, 'Plum', 3963),
(46120, 'Pocono Summit', 3963),
(46121, 'Pottstown', 3963),
(46122, 'Pottsville', 3963),
(46123, 'Primos', 3963),
(46124, 'Progress', 3963),
(46125, 'Prospect', 3963),
(46126, 'Quakertown', 3963),
(46127, 'Radnor Township', 3963),
(46128, 'Reading', 3963),
(46129, 'Robinson Township', 3963),
(46130, 'Roseto', 3963),
(46131, 'Ross Township', 3963),
(46132, 'Royersford', 3963),
(46133, 'Saint Marys', 3963),
(46134, 'Sarver', 3963),
(46135, 'Saxonburg', 3963),
(46136, 'Scott Township', 3963),
(46137, 'Scranton', 3963),
(46138, 'Seward', 3963),
(46139, 'Sewickley', 3963),
(46140, 'Shaler Township', 3963),
(46141, 'Sharon', 3963),
(46142, 'Shermans Dale', 3963),
(46143, 'Somerset', 3963),
(46144, 'Souderton', 3963),
(46145, 'South Park Township', 3963),
(46146, 'Southampton', 3963),
(46147, 'Springfield', 3963),
(46148, 'State College', 3963),
(46149, 'Strasburg', 3963),
(46150, 'Sunbury', 3963),
(46151, 'Susquehanna', 3963),
(46152, 'Swissvale', 3963),
(46153, 'Tamaqua', 3963),
(46154, 'Taylor', 3963),
(46155, 'Telford', 3963),
(46156, 'Trevose', 3963),
(46157, 'Turtle Creek', 3963),
(46158, 'Tyrone', 3963),
(46159, 'Uniontown', 3963),
(46160, 'Upper Darby', 3963),
(46161, 'Upper Providence Township', 3963),
(46162, 'Upper Saint Clair', 3963),
(46163, 'Vanderbilt', 3963),
(46164, 'Warminster', 3963),
(46165, 'Warren', 3963),
(46166, 'Warrendale', 3963),
(46167, 'Washington', 3963),
(46168, 'Waterford', 3963),
(46169, 'Waverly', 3963),
(46170, 'Wayne', 3963),
(46171, 'Waynesboro', 3963),
(46172, 'West Chester', 3963),
(46173, 'West Mifflin', 3963),
(46174, 'West Norriton', 3963),
(46175, 'West Point', 3963),
(46176, 'Wexford', 3963),
(46177, 'Whitehall', 3963),
(46178, 'Wilcox', 3963),
(46179, 'Wilkes-Barre', 3963),
(46180, 'Wilkinsburg', 3963),
(46181, 'Williamsport', 3963),
(46182, 'Willow Grove', 3963),
(46183, 'Womelsdorf', 3963),
(46184, 'Woodlyn', 3963),
(46185, 'Woolrich', 3963),
(46186, 'Wyncote', 3963),
(46187, 'Wyndmoor', 3963),
(46188, 'Wynnewood', 3963),
(46189, 'Yardley', 3963),
(46190, 'Yeadon', 3963),
(46191, 'York', 3963),
(46192, 'Ramey', 3964),
(46193, 'Adamsville', 3969),
(46194, 'Alcoa', 3969),
(46195, 'Antioch', 3969),
(46196, 'Arlington', 3969),
(46197, 'Athens', 3969),
(46198, 'Bartlett', 3969),
(46199, 'Bell Buckle', 3969),
(46200, 'Bloomingdale', 3969),
(46201, 'Blountville', 3969),
(46202, 'Brentwood', 3969),
(46203, 'Bristol', 3969),
(46204, 'Brownsville', 3969),
(46205, 'Burns', 3969),
(46206, 'Chattanooga', 3969),
(46207, 'Clarksville', 3969),
(46208, 'Cleveland', 3969),
(46209, 'Collierville', 3969),
(46210, 'Columbia', 3969),
(46211, 'Cookeville', 3969),
(46212, 'Cornersville', 3969),
(46213, 'Crossville', 3969),
(46214, 'Dayton', 3969),
(46215, 'Dickson', 3969),
(46216, 'Dyersburg', 3969),
(46217, 'East Brainerd', 3969),
(46218, 'East Ridge', 3969),
(46219, 'Elizabethton', 3969),
(46220, 'Farragut', 3969),
(46221, 'Franklin', 3969),
(46222, 'Gainesboro', 3969),
(46223, 'Gallatin', 3969),
(46224, 'Gatlinburg', 3969),
(46225, 'Germantown', 3969),
(46226, 'Goodlettsville', 3969),
(46227, 'Greeneville', 3969),
(46228, 'Hendersonville', 3969),
(46229, 'Hixson', 3969),
(46230, 'Jackson', 3969),
(46231, 'Johnson City', 3969),
(46232, 'Kingsport', 3969),
(46233, 'Knoxville', 3969),
(46234, 'Kodak', 3969),
(46235, 'La Vergne', 3969),
(46236, 'Lawrenceburg', 3969),
(46237, 'Lebanon', 3969),
(46238, 'Lenoir City', 3969),
(46239, 'Lewisburg', 3969),
(46240, 'MacMinnville', 3969),
(46241, 'Maryville', 3969),
(46242, 'Memphis', 3969),
(46243, 'Middle Valley', 3969),
(46244, 'Millington', 3969),
(46245, 'Morristown', 3969),
(46246, 'Mulberry', 3969),
(46247, 'Murfreesboro', 3969),
(46248, 'Nashville', 3969),
(46249, 'Oak Ridge', 3969),
(46250, 'Ooltewah', 3969),
(46251, 'Pinson', 3969),
(46252, 'Red Bank', 3969),
(46253, 'Selmer', 3969),
(46254, 'Sevierville', 3969),
(46255, 'Shelbyville', 3969),
(46256, 'Smithville', 3969),
(46257, 'Smyrna', 3969),
(46258, 'Spring City', 3969),
(46259, 'Springfield', 3969),
(46260, 'Tazewell', 3969),
(46261, 'Trenton', 3969);
INSERT INTO `cities` (`id`, `name`, `state_id`) VALUES
(46262, 'Tullahoma', 3969),
(46263, 'Union City', 3969),
(46264, 'Abilene', 3970),
(46265, 'Addison', 3970),
(46266, 'Alamo', 3970),
(46267, 'Aldine', 3970),
(46268, 'Alice', 3970),
(46269, 'Allen', 3970),
(46270, 'Alvin', 3970),
(46271, 'Amarillo', 3970),
(46272, 'Anderson Mill', 3970),
(46273, 'Andrews', 3970),
(46274, 'Angleton', 3970),
(46275, 'Argyle', 3970),
(46276, 'Arlington', 3970),
(46277, 'Aspermont', 3970),
(46278, 'Atascocita', 3970),
(46279, 'Athens', 3970),
(46280, 'Austin', 3970),
(46281, 'Austinn', 3970),
(46282, 'Azle', 3970),
(46283, 'Balch Springs', 3970),
(46284, 'Barry', 3970),
(46285, 'Bay City', 3970),
(46286, 'Baytown', 3970),
(46287, 'Beaumont', 3970),
(46288, 'Bedford', 3970),
(46289, 'Beeville', 3970),
(46290, 'Bellaire', 3970),
(46291, 'Belton', 3970),
(46292, 'Benbrook', 3970),
(46293, 'Big Spring', 3970),
(46294, 'Bluff Dale', 3970),
(46295, 'Boerne', 3970),
(46296, 'Borger', 3970),
(46297, 'Breckenridge', 3970),
(46298, 'Brenham', 3970),
(46299, 'Brownfield', 3970),
(46300, 'Brownsville', 3970),
(46301, 'Brownwood', 3970),
(46302, 'Bryan', 3970),
(46303, 'Buda', 3970),
(46304, 'Burkburnett', 3970),
(46305, 'Burleson', 3970),
(46306, 'Campbell', 3970),
(46307, 'Canyon', 3970),
(46308, 'Canyon Lake', 3970),
(46309, 'Carrollton', 3970),
(46310, 'Cat Spring', 3970),
(46311, 'Cedar Hill', 3970),
(46312, 'Cedar Park', 3970),
(46313, 'Celina', 3970),
(46314, 'Center', 3970),
(46315, 'Channelview', 3970),
(46316, 'City of Dallas', 3970),
(46317, 'Cleburne', 3970),
(46318, 'Cloverleaf', 3970),
(46319, 'Clute', 3970),
(46320, 'College Station', 3970),
(46321, 'Colleyville', 3970),
(46322, 'Columbus', 3970),
(46323, 'Comanche', 3970),
(46324, 'Conroe', 3970),
(46325, 'Converse', 3970),
(46326, 'Coppell', 3970),
(46327, 'Copperas Cove', 3970),
(46328, 'Corinth', 3970),
(46329, 'Corpus Christi', 3970),
(46330, 'Corsicana', 3970),
(46331, 'Cotulla', 3970),
(46332, 'Crandall', 3970),
(46333, 'Cypress', 3970),
(46334, 'Dallas', 3970),
(46335, 'Dayton', 3970),
(46336, 'DeSoto', 3970),
(46337, 'Deer Park', 3970),
(46338, 'Del Rio', 3970),
(46339, 'Denison', 3970),
(46340, 'Denton', 3970),
(46341, 'Dickinson', 3970),
(46342, 'Donna', 3970),
(46343, 'Dumas', 3970),
(46344, 'Duncanville', 3970),
(46345, 'Eagle Pass', 3970),
(46346, 'Edinburg', 3970),
(46347, 'El Campo', 3970),
(46348, 'El Paso', 3970),
(46349, 'Elmendorf', 3970),
(46350, 'Ennis', 3970),
(46351, 'Euless', 3970),
(46352, 'Fairfield', 3970),
(46353, 'Farmers Branch', 3970),
(46354, 'Flower Mound', 3970),
(46355, 'Forest Hill', 3970),
(46356, 'Forney', 3970),
(46357, 'Fort Bliss', 3970),
(46358, 'Fort Hood', 3970),
(46359, 'Fort Worth', 3970),
(46360, 'Freeport', 3970),
(46361, 'Friendswood', 3970),
(46362, 'Frisco', 3970),
(46363, 'Gainesville', 3970),
(46364, 'Galena Park', 3970),
(46365, 'Galveston', 3970),
(46366, 'Garland', 3970),
(46367, 'Gatesville', 3970),
(46368, 'Georgetown', 3970),
(46369, 'Grand Prairie', 3970),
(46370, 'Grandview', 3970),
(46371, 'Grapeland', 3970),
(46372, 'Grapevine', 3970),
(46373, 'Greenville', 3970),
(46374, 'Gregory', 3970),
(46375, 'Groves', 3970),
(46376, 'Haltom City', 3970),
(46377, 'Harker Heights', 3970),
(46378, 'Harlingen', 3970),
(46379, 'Henderson', 3970),
(46380, 'Hereford', 3970),
(46381, 'Hewitt', 3970),
(46382, 'Highland Village', 3970),
(46383, 'Hillsboro', 3970),
(46384, 'Houston', 3970),
(46385, 'Humble', 3970),
(46386, 'Huntsville', 3970),
(46387, 'Hurst', 3970),
(46388, 'Ingleside', 3970),
(46389, 'Irving', 3970),
(46390, 'Jacksonville', 3970),
(46391, 'Jefferson', 3970),
(46392, 'Jollyville', 3970),
(46393, 'Justin', 3970),
(46394, 'Katy', 3970),
(46395, 'Kaufman', 3970),
(46396, 'Keller', 3970),
(46397, 'Kemah', 3970),
(46398, 'Kemp', 3970),
(46399, 'Kerrville', 3970),
(46400, 'Kilgore', 3970),
(46401, 'Killeen', 3970),
(46402, 'Kingsville', 3970),
(46403, 'Kingwood', 3970),
(46404, 'La Marque', 3970),
(46405, 'La Porte', 3970),
(46406, 'Lackland Air Force Base', 3970),
(46407, 'Lago Vista', 3970),
(46408, 'Lake Jackson', 3970),
(46409, 'Lamesa', 3970),
(46410, 'Lampasas', 3970),
(46411, 'Lancaster', 3970),
(46412, 'Laredo', 3970),
(46413, 'League City', 3970),
(46414, 'Leon Valley', 3970),
(46415, 'Levelland', 3970),
(46416, 'Lewisville', 3970),
(46417, 'Liberty Hill', 3970),
(46418, 'Lindsay', 3970),
(46419, 'Little Elm', 3970),
(46420, 'Live Oak', 3970),
(46421, 'Llano', 3970),
(46422, 'Lockhart', 3970),
(46423, 'Longview', 3970),
(46424, 'Lubbock', 3970),
(46425, 'Lufkin', 3970),
(46426, 'Lumberton', 3970),
(46427, 'MacAllen', 3970),
(46428, 'MacKinney', 3970),
(46429, 'Magnolia', 3970),
(46430, 'Malakoff', 3970),
(46431, 'Mansfield', 3970),
(46432, 'Marshall', 3970),
(46433, 'McAllen', 3970),
(46434, 'McKinney', 3970),
(46435, 'Medina', 3970),
(46436, 'Mercedes', 3970),
(46437, 'Mesquite', 3970),
(46438, 'Midland', 3970),
(46439, 'Mineral Wells', 3970),
(46440, 'Mission', 3970),
(46441, 'Mission Bend', 3970),
(46442, 'Missouri City', 3970),
(46443, 'Montgomery', 3970),
(46444, 'Mount Pleasant', 3970),
(46445, 'Murphy', 3970),
(46446, 'Nacogdoches', 3970),
(46447, 'Nederland', 3970),
(46448, 'New Braunfels', 3970),
(46449, 'New Caney', 3970),
(46450, 'North Richland Hills', 3970),
(46451, 'North Zulch', 3970),
(46452, 'Odessa', 3970),
(46453, 'Orange', 3970),
(46454, 'Ovalo', 3970),
(46455, 'Palestine', 3970),
(46456, 'Pampa', 3970),
(46457, 'Paris', 3970),
(46458, 'Pasadena', 3970),
(46459, 'Pearland', 3970),
(46460, 'Pecan Grove', 3970),
(46461, 'Pecos', 3970),
(46462, 'Pflugerville', 3970),
(46463, 'Pharr', 3970),
(46464, 'Pinehurst', 3970),
(46465, 'Plainview', 3970),
(46466, 'Plano', 3970),
(46467, 'Pontotoc', 3970),
(46468, 'Port Arthur', 3970),
(46469, 'Port Lavaca', 3970),
(46470, 'Port Neches', 3970),
(46471, 'Portland', 3970),
(46472, 'Pottsboro', 3970),
(46473, 'Princeton', 3970),
(46474, 'Richardson', 3970),
(46475, 'Richmond', 3970),
(46476, 'Rio Grande City', 3970),
(46477, 'Robstown', 3970),
(46478, 'Rockport', 3970),
(46479, 'Rockwall', 3970),
(46480, 'Roma', 3970),
(46481, 'Rosenberg', 3970),
(46482, 'Round Rock', 3970),
(46483, 'Rowlett', 3970),
(46484, 'Royse City', 3970),
(46485, 'Sachse', 3970),
(46486, 'Saginaw', 3970),
(46487, 'San Angelo', 3970),
(46488, 'San Antonio', 3970),
(46489, 'San Benito', 3970),
(46490, 'San Juan', 3970),
(46491, 'San Marcos', 3970),
(46492, 'Santa Fe', 3970),
(46493, 'Schertz', 3970),
(46494, 'Seabrook', 3970),
(46495, 'Seagoville', 3970),
(46496, 'Seguin', 3970),
(46497, 'Sherman', 3970),
(46498, 'Slaton', 3970),
(46499, 'Smithville', 3970),
(46500, 'Snyder', 3970),
(46501, 'Socorro', 3970),
(46502, 'South Houston', 3970),
(46503, 'South Padre Island', 3970),
(46504, 'Southlake', 3970),
(46505, 'Spring', 3970),
(46506, 'Stafford', 3970),
(46507, 'Stephenville', 3970),
(46508, 'Strawn', 3970),
(46509, 'Sugar Land', 3970),
(46510, 'Sulphur Springs', 3970),
(46511, 'Sweetwater', 3970),
(46512, 'Taylor', 3970),
(46513, 'Temple', 3970),
(46514, 'Terrell', 3970),
(46515, 'Texarkana', 3970),
(46516, 'Texas City', 3970),
(46517, 'The Colony', 3970),
(46518, 'The Woodlands', 3970),
(46519, 'Tomball', 3970),
(46520, 'Tyler', 3970),
(46521, 'Universal City', 3970),
(46522, 'University Park', 3970),
(46523, 'Uvalde', 3970),
(46524, 'Vernon', 3970),
(46525, 'Victoria', 3970),
(46526, 'Vidor', 3970),
(46527, 'Waco', 3970),
(46528, 'Watauga', 3970),
(46529, 'Waxahachie', 3970),
(46530, 'Weatherford', 3970),
(46531, 'Weslaco', 3970),
(46532, 'West Odessa', 3970),
(46533, 'West University Place', 3970),
(46534, 'White Settlement', 3970),
(46535, 'Wichita Falls', 3970),
(46536, 'Winnsboro', 3970),
(46537, 'Woodway', 3970),
(46538, 'Wylie', 3970),
(46539, 'Yoakum', 3970),
(46540, 'austinn', 3970),
(46541, 'Bedford Kentucky', 3971),
(46542, 'Alpine', 3972),
(46543, 'American Fork', 3972),
(46544, 'Bluffdale', 3972),
(46545, 'Bountiful', 3972),
(46546, 'Brigham City', 3972),
(46547, 'Canyon Rim', 3972),
(46548, 'Castle Dale', 3972),
(46549, 'Cedar City', 3972),
(46550, 'Centerville', 3972),
(46551, 'Clearfield', 3972),
(46552, 'Clinton', 3972),
(46553, 'Cottonwood Heights', 3972),
(46554, 'Cottonwood West', 3972),
(46555, 'Draper', 3972),
(46556, 'East Millcreek', 3972),
(46557, 'Farmington', 3972),
(46558, 'Holladay-Cottonwood', 3972),
(46559, 'Ivins', 3972),
(46560, 'Kaysville', 3972),
(46561, 'Kearns', 3972),
(46562, 'Layton', 3972),
(46563, 'Lehi', 3972),
(46564, 'Logan', 3972),
(46565, 'Magna', 3972),
(46566, 'Mapleton', 3972),
(46567, 'Midvale', 3972),
(46568, 'Millcreek', 3972),
(46569, 'Moab', 3972),
(46570, 'Monticello', 3972),
(46571, 'Murray', 3972),
(46572, 'North Logan', 3972),
(46573, 'North Ogden', 3972),
(46574, 'Ogden', 3972),
(46575, 'Orem', 3972),
(46576, 'Panguitch', 3972),
(46577, 'Park City', 3972),
(46578, 'Payson', 3972),
(46579, 'Pleasant Grove', 3972),
(46580, 'Provo', 3972),
(46581, 'Riverton', 3972),
(46582, 'Roy', 3972),
(46583, 'Saint George', 3972),
(46584, 'Salt Lake City', 3972),
(46585, 'Sandy', 3972),
(46586, 'Santaquin', 3972),
(46587, 'South Jordan', 3972),
(46588, 'South Ogden', 3972),
(46589, 'South Salt Lake', 3972),
(46590, 'Spanish Fork', 3972),
(46591, 'Springville', 3972),
(46592, 'Taylorsville', 3972),
(46593, 'Tooele', 3972),
(46594, 'Tremonton', 3972),
(46595, 'Union', 3972),
(46596, 'Washington', 3972),
(46597, 'West Jordan', 3972),
(46598, 'West Valley City', 3972),
(46599, 'Woods Cross', 3972),
(46600, 'Barre', 3973),
(46601, 'Bennington', 3973),
(46602, 'Brattleboro', 3973),
(46603, 'Bristol', 3973),
(46604, 'Burlington', 3973),
(46605, 'Cabot', 3973),
(46606, 'Colchester', 3973),
(46607, 'Danville', 3973),
(46608, 'Dorset', 3973),
(46609, 'Dummerston', 3973),
(46610, 'East Corinth', 3973),
(46611, 'East Fairfield', 3973),
(46612, 'East Randolph', 3973),
(46613, 'Essex', 3973),
(46614, 'Essex Junction', 3973),
(46615, 'Grand Isle', 3973),
(46616, 'Hartford', 3973),
(46617, 'Jericho', 3973),
(46618, 'Manchester', 3973),
(46619, 'Manchester Center', 3973),
(46620, 'Middlebury', 3973),
(46621, 'Milton', 3973),
(46622, 'Montpelier', 3973),
(46623, 'Putney', 3973),
(46624, 'Randolph', 3973),
(46625, 'Rochester', 3973),
(46626, 'Rutland', 3973),
(46627, 'Saint Albans', 3973),
(46628, 'Saint Johnsbury', 3973),
(46629, 'Saxtons River', 3973),
(46630, 'South Burlington', 3973),
(46631, 'South Strafford', 3973),
(46632, 'Springfield', 3973),
(46633, 'Townshend', 3973),
(46634, 'Tunbridge', 3973),
(46635, 'Van', 3973),
(46636, 'Vernon', 3973),
(46637, 'Wallingford', 3973),
(46638, 'Watisfield', 3973),
(46639, 'West Brookfield', 3973),
(46640, 'West Charleston', 3973),
(46641, 'West Newbury', 3973),
(46642, 'Williston', 3973),
(46643, 'Winooski', 3973),
(46644, 'Abingdon', 3974),
(46645, 'Alexandria', 3974),
(46646, 'Annandale', 3974),
(46647, 'Arlington', 3974),
(46648, 'Ashburn', 3974),
(46649, 'Ashland', 3974),
(46650, 'Aylett', 3974),
(46651, 'Bailey\'s Crossroads', 3974),
(46652, 'Blacksburg', 3974),
(46653, 'Bland', 3974),
(46654, 'Bluefield', 3974),
(46655, 'Bon Air', 3974),
(46656, 'Bristol', 3974),
(46657, 'Burke', 3974),
(46658, 'Cave Spring', 3974),
(46659, 'Centreville', 3974),
(46660, 'Chantilly', 3974),
(46661, 'Charlottesville', 3974),
(46662, 'Chesapeake', 3974),
(46663, 'Chester', 3974),
(46664, 'Christiansburg', 3974),
(46665, 'Churchville', 3974),
(46666, 'Clifton', 3974),
(46667, 'Colonial Heights', 3974),
(46668, 'Culloden', 3974),
(46669, 'Dale City', 3974),
(46670, 'Danville', 3974),
(46671, 'Dublin', 3974),
(46672, 'Eagle Rock', 3974),
(46673, 'East Highland Park', 3974),
(46674, 'Faber', 3974),
(46675, 'Fairfax', 3974),
(46676, 'Falls Church', 3974),
(46677, 'Fishersville', 3974),
(46678, 'Fort Hunt', 3974),
(46679, 'Fort Valley', 3974),
(46680, 'Franconia', 3974),
(46681, 'Franklin', 3974),
(46682, 'Fredericksburg', 3974),
(46683, 'Front Royal', 3974),
(46684, 'Gainesville', 3974),
(46685, 'Glen Allen', 3974),
(46686, 'Gloucester', 3974),
(46687, 'Goochland', 3974),
(46688, 'Great Falls', 3974),
(46689, 'Groveton', 3974),
(46690, 'Hampton', 3974),
(46691, 'Harrisonburg', 3974),
(46692, 'Henrico', 3974),
(46693, 'Herndon', 3974),
(46694, 'Highland Springs', 3974),
(46695, 'Hollins', 3974),
(46696, 'Hopewell', 3974),
(46697, 'Hybla Valley', 3974),
(46698, 'Idylwood', 3974),
(46699, 'Irvington', 3974),
(46700, 'Jamesville', 3974),
(46701, 'Jefferson', 3974),
(46702, 'Keen Mountain', 3974),
(46703, 'Keswick', 3974),
(46704, 'Lake Ridge', 3974),
(46705, 'Lakeside', 3974),
(46706, 'Laurel', 3974),
(46707, 'Leesburg', 3974),
(46708, 'Lincolnia', 3974),
(46709, 'Lorton', 3974),
(46710, 'Lynchburg', 3974),
(46711, 'MacLean', 3974),
(46712, 'Madison', 3974),
(46713, 'Madison Heights', 3974),
(46714, 'Manassas', 3974),
(46715, 'Marion', 3974),
(46716, 'Martinsville', 3974),
(46717, 'Mclean', 3974),
(46718, 'Mechanicsville', 3974),
(46719, 'Melfa', 3974),
(46720, 'Midlothian', 3974),
(46721, 'Montclair', 3974),
(46722, 'Montross', 3974),
(46723, 'Mount Vernon', 3974),
(46724, 'Newington', 3974),
(46725, 'Newport News', 3974),
(46726, 'Norfolk', 3974),
(46727, 'North Springfield', 3974),
(46728, 'Oakton', 3974),
(46729, 'Orange', 3974),
(46730, 'Petersburg', 3974),
(46731, 'Poquoson', 3974),
(46732, 'Portsmouth', 3974),
(46733, 'Radford', 3974),
(46734, 'Reston', 3974),
(46735, 'Richmond', 3974),
(46736, 'Roanoke', 3974),
(46737, 'Rose Hill', 3974),
(46738, 'Salem', 3974),
(46739, 'Seaford', 3974),
(46740, 'South Boston', 3974),
(46741, 'Springfield', 3974),
(46742, 'Stafford', 3974),
(46743, 'Staffordshire', 3974),
(46744, 'Staunton', 3974),
(46745, 'Sterling', 3974),
(46746, 'Suffolk', 3974),
(46747, 'Sugarland Run', 3974),
(46748, 'Tappahannock', 3974),
(46749, 'Timberlake', 3974),
(46750, 'Triangle', 3974),
(46751, 'Tuckahoe', 3974),
(46752, 'Tysons Corner', 3974),
(46753, 'Vienna', 3974),
(46754, 'Virginia Beach', 3974),
(46755, 'Warrenton', 3974),
(46756, 'Washington', 3974),
(46757, 'Waterford', 3974),
(46758, 'Waynesboro', 3974),
(46759, 'West Springfield', 3974),
(46760, 'Williamsburg', 3974),
(46761, 'Winchester', 3974),
(46762, 'Wolf Trap', 3974),
(46763, 'Woodbridge', 3974),
(46764, 'Wytheville', 3974),
(46765, 'Yorktown', 3974),
(46766, 'Aberdeen', 3975),
(46767, 'Airway Heights', 3975),
(46768, 'Alderwood Manor', 3975),
(46769, 'Anacortes', 3975),
(46770, 'Arlington', 3975),
(46771, 'Auburn', 3975),
(46772, 'Bainbridge Island', 3975),
(46773, 'Battle Ground', 3975),
(46774, 'Bellevue', 3975),
(46775, 'Bellingham', 3975),
(46776, 'Bingen', 3975),
(46777, 'Blaine', 3975),
(46778, 'Bothell', 3975),
(46779, 'Bremerton', 3975),
(46780, 'Bryn Mawr-Skyway', 3975),
(46781, 'Buckley', 3975),
(46782, 'Burien', 3975),
(46783, 'Burlington', 3975),
(46784, 'Camano Island', 3975),
(46785, 'Camas', 3975),
(46786, 'Cascade-Fairwood', 3975),
(46787, 'Centralia', 3975),
(46788, 'Chehalis', 3975),
(46789, 'Cheney', 3975),
(46790, 'Clear Lake', 3975),
(46791, 'Colbert', 3975),
(46792, 'Cottage Lake', 3975),
(46793, 'Covington-Sawyer-Wilderness', 3975),
(46794, 'Des Moines', 3975),
(46795, 'Duvall', 3975),
(46796, 'East Hill-Meridian', 3975),
(46797, 'East Renton Highlands', 3975),
(46798, 'East Wenatchee Bench', 3975),
(46799, 'Eastsound', 3975),
(46800, 'Eatonville', 3975),
(46801, 'Edgewood-North Hill', 3975),
(46802, 'Edmonds', 3975),
(46803, 'Elk Plain', 3975),
(46804, 'Ellensburg', 3975),
(46805, 'Enumclaw', 3975),
(46806, 'Esperance', 3975),
(46807, 'Everett', 3975),
(46808, 'Evergreen', 3975),
(46809, 'Fairchild', 3975),
(46810, 'Federal Way', 3975),
(46811, 'Ferndale', 3975),
(46812, 'Fircrest', 3975),
(46813, 'Ford', 3975),
(46814, 'Fort Lewis', 3975),
(46815, 'Friday Harbor', 3975),
(46816, 'Gig Harbor', 3975),
(46817, 'Graham', 3975),
(46818, 'Harbour Pointe', 3975),
(46819, 'Inglewood-Finn Hill', 3975),
(46820, 'Issaquah', 3975),
(46821, 'Kelso', 3975),
(46822, 'Kenmore', 3975),
(46823, 'Kennewick', 3975),
(46824, 'Kent', 3975),
(46825, 'Kingsgate', 3975),
(46826, 'Kirkland', 3975),
(46827, 'Lacey', 3975),
(46828, 'Lake Serene-North Lynnwood', 3975),
(46829, 'Lakeland North', 3975),
(46830, 'Lakeland South', 3975),
(46831, 'Lakewood', 3975),
(46832, 'Longview', 3975),
(46833, 'Lynnwood', 3975),
(46834, 'Martha Lake', 3975),
(46835, 'Marysville', 3975),
(46836, 'Mercer Island', 3975),
(46837, 'Minnehaha', 3975),
(46838, 'Monroe', 3975),
(46839, 'Moses Lake', 3975),
(46840, 'Mossyrock', 3975),
(46841, 'Mount Vernon', 3975),
(46842, 'Mountlake Terrace', 3975),
(46843, 'Mukilteo', 3975),
(46844, 'Newport Hills', 3975),
(46845, 'North City-Ridgecrest', 3975),
(46846, 'North Creek', 3975),
(46847, 'North Marysville', 3975),
(46848, 'Oak Harbor', 3975),
(46849, 'Ocean Shores', 3975),
(46850, 'Olympia', 3975),
(46851, 'Opportunity', 3975),
(46852, 'Orchards South', 3975),
(46853, 'Orting', 3975),
(46854, 'Paine Field-Lake Stickney', 3975),
(46855, 'Parkland', 3975),
(46856, 'Pasco', 3975),
(46857, 'Picnic Point-North Lynnwood', 3975),
(46858, 'Pine Lake', 3975),
(46859, 'Port Angeles', 3975),
(46860, 'Port Hadlock', 3975),
(46861, 'Port Ludlow', 3975),
(46862, 'Port Orchard', 3975),
(46863, 'Poulsbo', 3975),
(46864, 'Pullman', 3975),
(46865, 'Puyallup', 3975),
(46866, 'Redmond', 3975),
(46867, 'Renton', 3975),
(46868, 'Republic', 3975),
(46869, 'Richland', 3975),
(46870, 'Riverton-Boulevard Park', 3975),
(46871, 'Sahalee', 3975),
(46872, 'Salmon Creek', 3975),
(46873, 'Sammamish', 3975),
(46874, 'SeaTac', 3975),
(46875, 'Seattle', 3975),
(46876, 'Seattle Hill-Silver Firs', 3975),
(46877, 'Sedro Woolley', 3975),
(46878, 'Shelton', 3975),
(46879, 'Shoreline', 3975),
(46880, 'Silverdale', 3975),
(46881, 'Snohomish', 3975),
(46882, 'South Hill', 3975),
(46883, 'South Prairie', 3975),
(46884, 'South Seattle', 3975),
(46885, 'Spanaway', 3975),
(46886, 'Spokane', 3975),
(46887, 'Sumas', 3975),
(46888, 'Sumner', 3975),
(46889, 'Sunnyside', 3975),
(46890, 'Tacoma', 3975),
(46891, 'Tukwila', 3975),
(46892, 'Tumwater', 3975),
(46893, 'University Place', 3975),
(46894, 'Vancouver', 3975),
(46895, 'Vashon', 3975),
(46896, 'Walla Walla', 3975),
(46897, 'Washougal', 3975),
(46898, 'Wenatchee', 3975),
(46899, 'West Lake Stevens', 3975),
(46900, 'White Center', 3975),
(46901, 'White Salmon', 3975),
(46902, 'White Swan', 3975),
(46903, 'Woodinville', 3975),
(46904, 'Yakima', 3975),
(46905, 'Yelm', 3975),
(46906, 'Adams', 3977),
(46907, 'Allouez', 3977),
(46908, 'Appleton', 3977),
(46909, 'Ashland', 3977),
(46910, 'Ashwaubenon', 3977),
(46911, 'Baraboo', 3977),
(46912, 'Beaver Dam', 3977),
(46913, 'Beloit', 3977),
(46914, 'Brookfield', 3977),
(46915, 'Brown Deer', 3977),
(46916, 'Burlington', 3977),
(46917, 'Caledonia', 3977),
(46918, 'Carter', 3977),
(46919, 'Cedarburg', 3977),
(46920, 'Chippewa Falls', 3977),
(46921, 'Cudahy', 3977),
(46922, 'De Pere', 3977),
(46923, 'Deer Park', 3977),
(46924, 'Delafield', 3977),
(46925, 'Eau Claire', 3977),
(46926, 'Elkhorn', 3977),
(46927, 'Elroy', 3977),
(46928, 'Fitchburg', 3977),
(46929, 'Fond du Lac', 3977),
(46930, 'Fort Atkinson', 3977),
(46931, 'Franklin', 3977),
(46932, 'Galesville', 3977),
(46933, 'Germantown', 3977),
(46934, 'Glen Flora', 3977),
(46935, 'Glendale', 3977),
(46936, 'Goodman', 3977),
(46937, 'Grafton', 3977),
(46938, 'Green Bay', 3977),
(46939, 'Greendale', 3977),
(46940, 'Greenfield', 3977),
(46941, 'Hartford', 3977),
(46942, 'Hartland', 3977),
(46943, 'Howard', 3977),
(46944, 'Hudson', 3977),
(46945, 'Janesville', 3977),
(46946, 'Jefferson', 3977),
(46947, 'Junction City', 3977),
(46948, 'Kaukauna', 3977),
(46949, 'Kenosha', 3977),
(46950, 'Kiel', 3977),
(46951, 'Kohler', 3977),
(46952, 'La Crosse', 3977),
(46953, 'Little Chute', 3977),
(46954, 'Madison', 3977),
(46955, 'Manitowoc', 3977),
(46956, 'Marinette', 3977),
(46957, 'Marshfield', 3977),
(46958, 'Medford', 3977),
(46959, 'Menasha', 3977),
(46960, 'Menomonee Falls', 3977),
(46961, 'Menomonie', 3977),
(46962, 'Mequon', 3977),
(46963, 'Merrill', 3977),
(46964, 'Middleton', 3977),
(46965, 'Milwaukee', 3977),
(46966, 'Mineral Point', 3977),
(46967, 'Monroe', 3977),
(46968, 'Mount Pleasant', 3977),
(46969, 'Mukwonago', 3977),
(46970, 'Muskego', 3977),
(46971, 'Neenah', 3977),
(46972, 'New Berlin', 3977),
(46973, 'New Richmond', 3977),
(46974, 'Oak Creek', 3977),
(46975, 'Oconomowoc', 3977),
(46976, 'Onalaska', 3977),
(46977, 'Orfordville', 3977),
(46978, 'Oshkosh', 3977),
(46979, 'Pigeon Falls', 3977),
(46980, 'Platteville', 3977),
(46981, 'Pleasant Prairie', 3977),
(46982, 'Plover', 3977),
(46983, 'Port Washington', 3977),
(46984, 'Portage', 3977),
(46985, 'Pound', 3977),
(46986, 'Racine', 3977),
(46987, 'Reedsburg', 3977),
(46988, 'Rhinelander', 3977),
(46989, 'River Falls', 3977),
(46990, 'Saint Francis', 3977),
(46991, 'Sheboygan', 3977),
(46992, 'Shorewood', 3977),
(46993, 'South Milwaukee', 3977),
(46994, 'Spring Valley', 3977),
(46995, 'Stevens Point', 3977),
(46996, 'Stoughton', 3977),
(46997, 'Strum', 3977),
(46998, 'Sturtevant', 3977),
(46999, 'Sun Prairie', 3977),
(47000, 'Superior', 3977),
(47001, 'Three Lakes', 3977),
(47002, 'Tomah', 3977),
(47003, 'Two Rivers', 3977),
(47004, 'Washington Island', 3977),
(47005, 'Waterford', 3977),
(47006, 'Watertown', 3977),
(47007, 'Waukesha', 3977),
(47008, 'Waupun', 3977),
(47009, 'Wausau', 3977),
(47010, 'Wautoma', 3977),
(47011, 'Wauwatosa', 3977),
(47012, 'West Allis', 3977),
(47013, 'West Bend', 3977),
(47014, 'Weston', 3977),
(47015, 'Whitefish Bay', 3977),
(47016, 'Whitewater', 3977),
(47017, 'Wisconsin Rapids', 3977),
(47018, 'Buffalo', 3978),
(47019, 'Casper', 3978),
(47020, 'Cheyenne', 3978),
(47021, 'Cody', 3978),
(47022, 'Douglas', 3978),
(47023, 'Evanston', 3978),
(47024, 'Gillette', 3978),
(47025, 'Green River', 3978),
(47026, 'Jackson', 3978),
(47027, 'Lander', 3978),
(47028, 'Laramie', 3978),
(47029, 'Powell', 3978),
(47030, 'Rawlins', 3978),
(47031, 'Riverton', 3978),
(47032, 'Rock Springs', 3978),
(47033, 'Sheridan', 3978),
(47034, 'Torrington', 3978),
(47035, 'Worland', 3978);

-- --------------------------------------------------------

--
-- Table structure for table `consultors`
--

CREATE TABLE `consultors` (
  `ID` int(11) NOT NULL,
  `SN` varchar(15) CHARACTER SET utf8mb4 COLLATE utf8mb4_bin NOT NULL,
  `Firstname` varchar(25) NOT NULL,
  `Lastname` varchar(25) NOT NULL,
  `Email` varchar(70) NOT NULL,
  `Phone` varchar(20) NOT NULL,
  `EmergencyPhone` varchar(50) NOT NULL,
  `ReportsTo` int(11) NOT NULL,
  `Title` varchar(100) NOT NULL,
  `Division` int(11) NOT NULL,
  `FunctionalArea` int(11) NOT NULL,
  `StartDate` timestamp NOT NULL DEFAULT CURRENT_TIMESTAMP ON UPDATE CURRENT_TIMESTAMP,
  `EndDate` timestamp NOT NULL DEFAULT '0000-00-00 00:00:00',
  `MailingAddress` varchar(120) NOT NULL,
  `MailingCity` int(100) NOT NULL,
  `MailingState` int(11) NOT NULL,
  `MailingCountry` int(11) NOT NULL,
  `ZipCode` varchar(20) NOT NULL,
  `NSS` varchar(30) NOT NULL,
  `RFC` varchar(30) NOT NULL,
  `Type` tinyint(4) NOT NULL,
  `Schedule` int(11) NOT NULL DEFAULT '0',
  `Hash` varchar(40) NOT NULL,
  `Status` tinyint(1) DEFAULT NULL,
  `LastLogin` timestamp NOT NULL DEFAULT CURRENT_TIMESTAMP ON UPDATE CURRENT_TIMESTAMP,
  `Logged` tinyint(4) NOT NULL DEFAULT '0',
  `SessionID` varchar(100) DEFAULT NULL,
  `SalesForceID` int(11) NOT NULL
) ENGINE=InnoDB DEFAULT CHARSET=latin1;

--
-- Dumping data for table `consultors`
--

INSERT INTO `consultors` (`ID`, `SN`, `Firstname`, `Lastname`, `Email`, `Phone`, `EmergencyPhone`, `ReportsTo`, `Title`, `Division`, `FunctionalArea`, `StartDate`, `EndDate`, `MailingAddress`, `MailingCity`, `MailingState`, `MailingCountry`, `ZipCode`, `NSS`, `RFC`, `Type`, `Schedule`, `Hash`, `Status`, `LastLogin`, `Logged`, `SessionID`, `SalesForceID`) VALUES
(0, 'Dummy', '', '', '', '', '', 0, '', 0, 0, '2018-11-30 15:38:45', '0000-00-00 00:00:00', '', 0, 0, 0, '', '', '', 0, 0, '', NULL, '2018-11-30 15:38:45', 0, NULL, 0),
(1, 'Admin', 'Administrator', '', 'Admin', '', '', 0, 'Administrator', 0, 0, '2018-12-17 21:49:04', '0000-00-00 00:00:00', '', 0, 0, 0, '', '', '', 0, 0, '665fbe0df3645ad2de231f7a242b2f5007df1309', 1, '2018-12-17 21:49:04', 1, '0eufge0nud9ea6tjo9v1otffpo', 0),
(2, 'Daniel', 'Daniel', 'Rodriguez', 'daniel.rod.vega@hotmail.com', '65667523926', '', 0, 'Testing', 0, 1, '2018-12-17 21:23:34', '0000-00-00 00:00:00', '', 0, 0, 0, '', '', '', 2, 1, '7b63da936a368ea61b30bdc35956ef735cdc467c', 1, '2018-12-17 21:23:34', 1, 'lskiksovrn3q25i04udno195n9', 0),
(3, '', 'Daniel', 'Esparza', 'danielantonio@bepc.com', '34353553', '33535', 2, 'Engineer', 1, 7, '2018-12-07 23:23:25', '2018-12-19 07:00:00', 'Mailing Address', 43390, 3926, 231, '3224422', '25351512512521', 'DAERA2421412', 2, 1, '3d393e51273a2353e41a6afe089b3563f4de4479', 1, '2018-12-07 23:23:25', 1, 'skafdf2v2i9o9j2gd6766mpnsf', 0),
(4, '', 'Gerardo', 'Piedra', 'gerardopiedra@hotmail.com', '657788743', '655632423432', 1, 'Engineer', 0, 4, '2018-12-17 18:14:59', '2018-12-31 07:00:00', 'Gomez Morin# 8894', 27782, 2434, 142, '23242424', '21421412124', 'WRAA21421421', 2, 2, '8ad773696150b66a2a07c1b37802eced975f101d', 1, '2018-12-17 18:14:59', 1, 'e8a75gu8m8lod2a6qjaqek55qc', 0),
(5, '', 'Ricardo', 'Campa', 'ricardoacampa@yahoo.com', '6578899', '7789873', 1, 'Abogado', 2, 5, '2018-12-02 07:00:00', '2018-12-20 07:00:00', 'Teofilo Borunda', 27782, 2434, 142, '2124124', '976917308813', 'RAPD3112214124124', 2, 1, 'cc4938a56a31778ff205939580cf58d63ea8e75b', 1, '2018-12-05 00:41:52', 0, NULL, 0),
(6, '', 'Eduardo', 'Garcia', 'eduardoGarcia@outlook.com', '6554574574', '364657557', 1, 'Lawyer', 0, 5, '2018-12-17 18:15:43', '2018-12-26 07:00:00', 'Blvd. Zaragoza', 27780, 2427, 142, '646464', '21421421', '21421421', 2, 1, '6583e870df505a5fe0f73bdc9255368bcc31ca9b', 1, '2018-12-17 18:15:43', 1, 'e8a75gu8m8lod2a6qjaqek55qc', 0),
(7, '', 'Mayra', 'Rubio', 'mayrarubio@yahoo.com', '2332', '3232', 1, 'efw', 0, 9, '2018-12-03 07:00:00', '2018-12-19 07:00:00', 'fewfew', 27566, 2427, 142, '3232', '3232', '32', 2, 1, '6c400096df4a6799fb713fd76c374476589d8b2b', 1, '2018-12-05 01:16:11', 0, NULL, 0);

-- --------------------------------------------------------

--
-- Table structure for table `countries`
--

CREATE TABLE `countries` (
  `id` int(11) NOT NULL,
  `sortname` varchar(3) NOT NULL,
  `name` varchar(150) NOT NULL,
  `phonecode` int(11) NOT NULL
) ENGINE=InnoDB DEFAULT CHARSET=utf8;

--
-- Dumping data for table `countries`
--

INSERT INTO `countries` (`id`, `sortname`, `name`, `phonecode`) VALUES
(142, 'MX', 'Mexico', 52),
(231, 'US', 'United States', 1);

-- --------------------------------------------------------

--
-- Table structure for table `divisions`
--

CREATE TABLE `divisions` (
  `ID` int(11) NOT NULL,
  `Name` varchar(20) NOT NULL
) ENGINE=InnoDB DEFAULT CHARSET=latin1;

--
-- Dumping data for table `divisions`
--

INSERT INTO `divisions` (`ID`, `Name`) VALUES
(0, 'BE OCS'),
(1, 'BE PRO'),
(2, 'BEPC Mexico');

-- --------------------------------------------------------

--
-- Table structure for table `expensecategory`
--

CREATE TABLE `expensecategory` (
  `ID` int(11) NOT NULL,
  `Name` varchar(100) NOT NULL
) ENGINE=InnoDB DEFAULT CHARSET=latin1;

--
-- Dumping data for table `expensecategory`
--

INSERT INTO `expensecategory` (`ID`, `Name`) VALUES
(1, 'Baggage Fees'),
(2, 'Airfare'),
(3, 'Car Rental'),
(4, 'Lodging'),
(5, 'Parking'),
(6, 'Gasoline'),
(7, 'Miscellaneous'),
(8, 'Meals'),
(9, 'Tools & Supplies'),
(10, 'Change Fees'),
(11, 'Transportation'),
(12, 'Toll'),
(13, 'Per Diem');

-- --------------------------------------------------------

--
-- Table structure for table `expenses`
--

CREATE TABLE `expenses` (
  `ID` int(11) NOT NULL,
  `TravelID` int(11) NOT NULL,
  `Category` int(11) NOT NULL,
  `Name` varchar(100) NOT NULL,
  `SubmitDate` timestamp NOT NULL DEFAULT '0000-00-00 00:00:00',
  `ExpenseDate` timestamp NOT NULL DEFAULT '0000-00-00 00:00:00',
  `Quantity` decimal(10,2) NOT NULL,
  `Currency` tinyint(4) NOT NULL,
  `Billable` tinyint(4) NOT NULL,
  `Refundable` tinyint(1) NOT NULL,
  `Attachments` text NOT NULL,
  `Status` tinyint(4) NOT NULL,
  `SalesForceID` int(11) NOT NULL
) ENGINE=InnoDB DEFAULT CHARSET=latin1;

--
-- Dumping data for table `expenses`
--

INSERT INTO `expenses` (`ID`, `TravelID`, `Category`, `Name`, `SubmitDate`, `ExpenseDate`, `Quantity`, `Currency`, `Billable`, `Refundable`, `Attachments`, `Status`, `SalesForceID`) VALUES
(34, 19, 6, 'dasfs', '2018-12-11 07:00:00', '2018-12-26 07:00:00', '23232.00', 0, 0, 0, '', 0, 0),
(35, 19, 3, 'Honda Civic 2008', '2018-12-11 07:00:00', '2018-12-19 07:00:00', '34.00', 1, 0, 0, '2018-12-11/1.png~2018-12-11/a5ed6e3f-03fc-4a01-a62e-08c045575e3c.jpg~', 0, 0),
(36, 19, 6, 'For rented car', '2018-12-11 07:00:00', '2018-12-19 07:00:00', '20.00', 1, 0, 0, '2018-12-11/1.png~2018-12-11/a5ed6e3f-03fc-4a01-a62e-08c045575e3c.jpg~', 0, 0),
(37, 19, 9, '14 hammers', '2018-12-11 07:00:00', '2018-12-26 07:00:00', '1678.00', 0, 1, 0, '2018-12-11/170px-ReceiptSwiss.jpg~', 0, 0),
(39, 19, 10, 'affas', '2018-12-12 07:00:00', '2018-12-19 07:00:00', '23.00', 1, 1, 0, '2018-12-12/pdf-sample.pdf~', 0, 0),
(40, 20, 4, 'afafasfsa', '2018-12-13 07:00:00', '2018-12-19 07:00:00', '12.35', 1, 0, 0, '2018-12-13/pdf-sample.pdf~', 0, 0),
(41, 20, 1, 'JEJEJEJ', '2018-12-17 07:00:00', '2018-12-18 07:00:00', '256.23', 1, 0, 0, '2018-12-13/pdf-sample.pdf~', 0, 0),
(42, 21, 11, 'Lemao', '2018-12-17 07:00:00', '2018-12-31 07:00:00', '57.84', 1, 0, 0, '2018-12-13/pdf-sample.pdf~', 0, 0);

-- --------------------------------------------------------

--
-- Table structure for table `industries`
--

CREATE TABLE `industries` (
  `ID` int(11) NOT NULL,
  `Name` varchar(50) NOT NULL
) ENGINE=InnoDB DEFAULT CHARSET=latin1;

--
-- Dumping data for table `industries`
--

INSERT INTO `industries` (`ID`, `Name`) VALUES
(1, 'Medical'),
(2, 'Aerospacial');

-- --------------------------------------------------------

--
-- Table structure for table `lineas`
--

CREATE TABLE `lineas` (
  `ID` int(11) NOT NULL,
  `AssignmentID` int(11) NOT NULL,
  `ConsultorID` int(11) NOT NULL,
  `TimecardID` varchar(30) NOT NULL,
  `Mon` tinyint(4) NOT NULL,
  `Tue` tinyint(4) NOT NULL,
  `Wed` tinyint(4) NOT NULL,
  `Thu` tinyint(4) NOT NULL,
  `Fri` tinyint(4) NOT NULL,
  `Sat` tinyint(4) NOT NULL,
  `Sun` tinyint(4) NOT NULL,
  `Submitted` tinyint(4) NOT NULL,
  `StartingDay` timestamp NOT NULL DEFAULT CURRENT_TIMESTAMP,
  `CreatedDate` timestamp NOT NULL DEFAULT '0000-00-00 00:00:00',
  `SubmitDate` timestamp NOT NULL DEFAULT '0000-00-00 00:00:00',
  `LEditDate` timestamp NOT NULL DEFAULT '0000-00-00 00:00:00',
  `RejectedDate` timestamp NOT NULL DEFAULT '0000-00-00 00:00:00',
  `ApprovedDate` timestamp NOT NULL DEFAULT '0000-00-00 00:00:00',
  `Dailycount` int(11) NOT NULL,
  `SalesForceID` int(11) NOT NULL
) ENGINE=InnoDB DEFAULT CHARSET=latin1;

--
-- Dumping data for table `lineas`
--

INSERT INTO `lineas` (`ID`, `AssignmentID`, `ConsultorID`, `TimecardID`, `Mon`, `Tue`, `Wed`, `Thu`, `Fri`, `Sat`, `Sun`, `Submitted`, `StartingDay`, `CreatedDate`, `SubmitDate`, `LEditDate`, `RejectedDate`, `ApprovedDate`, `Dailycount`, `SalesForceID`) VALUES
(1, 2, 4, 'TCH-2018-12-07-1', 2, 4, 5, 0, 0, 0, 0, 0, '2018-12-02 07:00:00', '2018-12-08 07:36:15', '0000-00-00 00:00:00', '0000-00-00 00:00:00', '0000-00-00 00:00:00', '0000-00-00 00:00:00', 1, 0),
(2, 5, 2, 'TCH-2018-12-12-1', 2, 4, 5, 2, 2, 6, 5, 0, '2018-12-01 07:00:00', '2018-12-13 06:08:46', '0000-00-00 00:00:00', '0000-00-00 00:00:00', '0000-00-00 00:00:00', '0000-00-00 00:00:00', 1, 0),
(3, 1, 2, 'TCH-2018-12-12-2', 0, 3, 0, 0, 0, 0, 0, 0, '2018-12-01 07:00:00', '2018-12-13 06:09:12', '0000-00-00 00:00:00', '0000-00-00 00:00:00', '0000-00-00 00:00:00', '0000-00-00 00:00:00', 2, 0),
(4, 1, 2, 'TCH-2018-12-12-3', 2, 0, 0, 0, 0, 0, 0, 0, '2018-12-01 07:00:00', '2018-12-13 06:13:27', '0000-00-00 00:00:00', '0000-00-00 00:00:00', '0000-00-00 00:00:00', '0000-00-00 00:00:00', 3, 0),
(5, 5, 2, 'TCH-2018-12-12-4', 2, 3, 0, 0, 0, 0, 0, 0, '2018-12-01 07:00:00', '2018-12-13 06:58:08', '0000-00-00 00:00:00', '0000-00-00 00:00:00', '0000-00-00 00:00:00', '0000-00-00 00:00:00', 4, 0),
(6, 3, 2, 'TCH-2018-12-12-5', 3, 2, 2, 0, 0, 0, 0, 0, '2018-12-12 07:00:00', '2018-12-13 06:26:59', '0000-00-00 00:00:00', '0000-00-00 00:00:00', '0000-00-00 00:00:00', '0000-00-00 00:00:00', 5, 0),
(7, 3, 2, 'TCH-2018-12-12-6', 2, 0, 0, 0, 0, 0, 0, 0, '2018-12-19 07:00:00', '2018-12-13 06:27:17', '0000-00-00 00:00:00', '0000-00-00 00:00:00', '0000-00-00 00:00:00', '0000-00-00 00:00:00', 6, 0),
(8, 1, 2, 'TCH-2018-12-12-7', 3, 5, 0, 0, 0, 0, 0, 0, '2019-01-09 07:00:00', '2018-12-13 06:27:32', '0000-00-00 00:00:00', '0000-00-00 00:00:00', '0000-00-00 00:00:00', '0000-00-00 00:00:00', 7, 0),
(9, 1, 2, 'TCH-2018-12-12-8', 2, 5, 0, 0, 0, 0, 0, 0, '2018-12-06 07:00:00', '2018-12-13 06:30:03', '0000-00-00 00:00:00', '0000-00-00 00:00:00', '0000-00-00 00:00:00', '0000-00-00 00:00:00', 8, 0),
(10, 1, 2, 'TCH-2018-12-12-9', 2, 4, 0, 0, 0, 0, 0, 0, '2018-12-19 07:00:00', '2018-12-13 06:31:35', '0000-00-00 00:00:00', '0000-00-00 00:00:00', '0000-00-00 00:00:00', '0000-00-00 00:00:00', 9, 0),
(11, 1, 2, 'TCH-2018-12-12-10', 2, 4, 0, 5, 0, 0, 0, 0, '2018-12-06 07:00:00', '2018-12-13 06:32:13', '0000-00-00 00:00:00', '0000-00-00 00:00:00', '0000-00-00 00:00:00', '0000-00-00 00:00:00', 10, 0),
(12, 3, 2, 'TCH-2018-12-12-11', 4, 5, 6, 0, 0, 0, 0, 0, '2018-12-06 07:00:00', '2018-12-13 06:32:24', '0000-00-00 00:00:00', '0000-00-00 00:00:00', '0000-00-00 00:00:00', '0000-00-00 00:00:00', 11, 0),
(13, 1, 2, 'TCH-2018-12-13-1', 3, 5, 6, 7, 7, 8, 9, 0, '2018-12-06 07:00:00', '2018-12-14 07:32:47', '0000-00-00 00:00:00', '0000-00-00 00:00:00', '0000-00-00 00:00:00', '0000-00-00 00:00:00', 1, 0),
(14, 3, 2, 'TCH-2018-12-13-1', 2, 5, 6, 7, 0, 0, 0, 0, '2018-12-06 07:00:00', '2018-12-14 07:32:47', '0000-00-00 00:00:00', '0000-00-00 00:00:00', '0000-00-00 00:00:00', '0000-00-00 00:00:00', 1, 0),
(15, 1, 2, 'TCH-2018-12-13-1', 4, 5, 5, 5, 5, 5, 5, 0, '2018-12-06 07:00:00', '2018-12-14 07:32:47', '0000-00-00 00:00:00', '0000-00-00 00:00:00', '0000-00-00 00:00:00', '0000-00-00 00:00:00', 1, 0),
(16, 5, 2, 'TCH-2018-12-17-1', 3, 5, 6, 7, 8, 0, 0, 1, '2018-12-25 07:00:00', '2018-12-18 05:23:56', '0000-00-00 00:00:00', '0000-00-00 00:00:00', '0000-00-00 00:00:00', '0000-00-00 00:00:00', 1, 0);

-- --------------------------------------------------------

--
-- Table structure for table `po`
--

CREATE TABLE `po` (
  `ID` int(11) NOT NULL,
  `NoPO` varchar(100) NOT NULL,
  `Ammount` decimal(10,2) NOT NULL,
  `Currency` tinyint(4) NOT NULL,
  `Status` tinyint(4) NOT NULL
) ENGINE=InnoDB DEFAULT CHARSET=latin1;

--
-- Dumping data for table `po`
--

INSERT INTO `po` (`ID`, `NoPO`, `Ammount`, `Currency`, `Status`) VALUES
(1, '234325325325', '234.43', 0, 1),
(2, '5511442121421', '432.98', 1, 1),
(3, '21125212152121', '543.32', 0, 1),
(4, '44311121', '654.98', 1, 1),
(5, '989877898454', '432.87', 1, 1),
(6, '993966365', '20736.00', 1, 1),
(7, '778407', '62400.00', 1, 1);

-- --------------------------------------------------------

--
-- Table structure for table `project`
--

CREATE TABLE `project` (
  `ID` int(11) NOT NULL,
  `Name` varchar(50) NOT NULL,
  `SponsorID` int(11) NOT NULL,
  `PLeader` varchar(70) NOT NULL,
  `StartDate` timestamp NOT NULL DEFAULT CURRENT_TIMESTAMP ON UPDATE CURRENT_TIMESTAMP,
  `EndDate` timestamp NOT NULL DEFAULT '0000-00-00 00:00:00',
  `ManagerID` int(11) NOT NULL,
  `Status` tinyint(4) NOT NULL
) ENGINE=InnoDB DEFAULT CHARSET=latin1;

--
-- Dumping data for table `project`
--

INSERT INTO `project` (`ID`, `Name`, `SponsorID`, `PLeader`, `StartDate`, `EndDate`, `ManagerID`, `Status`) VALUES
(7, 'Cook Validation Project', 1, 'Cook Validation', '2018-12-04 07:00:00', '2018-12-18 07:00:00', 1, 1),
(8, 'Valentine', 2, 'Valentine', '2018-12-17 17:00:29', '2018-12-25 07:00:00', 2, 1),
(9, 'Synergy Project', 2, 'Synergy Project', '2018-12-17 17:00:31', '2018-12-30 07:00:00', 2, 1),
(10, 'Support Tool Crib', 2, 'Support Tool Crib', '2018-12-17 17:00:34', '2018-12-24 07:00:00', 2, 1),
(11, 'Avalon', 1, 'Avalon', '2018-12-01 07:00:00', '2018-12-23 07:00:00', 1, 1),
(12, 'BU3 Fixturizacion', 1, 'Fixturizacion', '2018-12-03 07:00:00', '2018-12-27 07:00:00', 1, 1),
(13, 'Orchard', 2, 'Orchard', '2018-12-17 17:00:36', '2018-12-30 07:00:00', 2, 1),
(14, 'Orkney Project', 1, 'Orkney Project', '2018-12-03 07:00:00', '2018-12-30 07:00:00', 1, 1);

-- --------------------------------------------------------

--
-- Table structure for table `schedules`
--

CREATE TABLE `schedules` (
  `ID` int(11) NOT NULL,
  `Name` varchar(30) NOT NULL,
  `Country` varchar(2) NOT NULL,
  `State` varchar(20) NOT NULL,
  `Sun` tinyint(4) NOT NULL,
  `Mon` tinyint(4) NOT NULL,
  `Tue` tinyint(4) NOT NULL,
  `Wed` tinyint(4) NOT NULL,
  `Thu` tinyint(4) NOT NULL,
  `Fri` tinyint(4) NOT NULL,
  `Sat` tinyint(4) NOT NULL,
  `DoubleAfter` tinyint(4) NOT NULL,
  `TripleAfter` tinyint(4) NOT NULL
) ENGINE=InnoDB DEFAULT CHARSET=latin1;

--
-- Dumping data for table `schedules`
--

INSERT INTO `schedules` (`ID`, `Name`, `Country`, `State`, `Sun`, `Mon`, `Tue`, `Wed`, `Thu`, `Fri`, `Sat`, `DoubleAfter`, `TripleAfter`) VALUES
(1, 'Diurna', 'MX', '', 0, 9, 9, 9, 9, 9, 0, 48, 57),
(2, 'Diurna_Normal_1', 'MX', '', 0, 8, 8, 8, 8, 8, 8, 48, 57),
(3, 'Diurna_Normal_2', 'MX', '', 0, 9, 9, 9, 9, 9, 0, 48, 57),
(4, 'Test_de_Schedule', 'US', 'Rhode Island', 3, 6, 0, 0, 3, 0, 5, 48, 59);

-- --------------------------------------------------------

--
-- Table structure for table `sponsor`
--

CREATE TABLE `sponsor` (
  `ID` int(11) NOT NULL,
  `Name` varchar(100) NOT NULL,
  `Email` varchar(70) NOT NULL,
  `Phone` varchar(20) NOT NULL,
  `ManagerID` int(11) NOT NULL
) ENGINE=InnoDB DEFAULT CHARSET=latin1;

--
-- Dumping data for table `sponsor`
--

INSERT INTO `sponsor` (`ID`, `Name`, `Email`, `Phone`, `ManagerID`) VALUES
(1, 'Daniel', 'daniel.rod.vega@hotmail.com', '566544343', 1),
(2, 'Test Sponsor', 'daniel.rodriguez@bepcinc.com', '3224515', 2);

-- --------------------------------------------------------

--
-- Table structure for table `states`
--

CREATE TABLE `states` (
  `id` int(11) NOT NULL,
  `name` varchar(30) NOT NULL,
  `country_id` int(11) NOT NULL DEFAULT '1'
) ENGINE=InnoDB DEFAULT CHARSET=latin1;

--
-- Dumping data for table `states`
--

INSERT INTO `states` (`id`, `name`, `country_id`) VALUES
(2427, 'Aguascalientes', 142),
(2428, 'Baja California', 142),
(2429, 'Baja California Sur', 142),
(2430, 'Campeche', 142),
(2431, 'Chiapas', 142),
(2432, 'Chihuahua', 142),
(2433, 'Coahuila', 142),
(2434, 'Colima', 142),
(2435, 'Distrito Federal', 142),
(2436, 'Durango', 142),
(2437, 'Estado de Mexico', 142),
(2438, 'Guanajuato', 142),
(2439, 'Guerrero', 142),
(2440, 'Hidalgo', 142),
(2441, 'Jalisco', 142),
(2442, 'Mexico', 142),
(2443, 'Michoacan', 142),
(2444, 'Morelos', 142),
(2445, 'Nayarit', 142),
(2446, 'Nuevo Leon', 142),
(2447, 'Oaxaca', 142),
(2448, 'Puebla', 142),
(2449, 'Queretaro', 142),
(2450, 'Quintana Roo', 142),
(2451, 'San Luis Potosi', 142),
(2452, 'Sinaloa', 142),
(2453, 'Sonora', 142),
(2454, 'Tabasco', 142),
(2455, 'Tamaulipas', 142),
(2456, 'Tlaxcala', 142),
(2457, 'Veracruz', 142),
(2458, 'Yucatan', 142),
(2459, 'Zacatecas', 142),
(3919, 'Alabama', 231),
(3920, 'Alaska', 231),
(3921, 'Arizona', 231),
(3922, 'Arkansas', 231),
(3923, 'Byram', 231),
(3924, 'California', 231),
(3925, 'Cokato', 231),
(3926, 'Colorado', 231),
(3927, 'Connecticut', 231),
(3928, 'Delaware', 231),
(3929, 'District of Columbia', 231),
(3930, 'Florida', 231),
(3931, 'Georgia', 231),
(3932, 'Hawaii', 231),
(3933, 'Idaho', 231),
(3934, 'Illinois', 231),
(3935, 'Indiana', 231),
(3936, 'Iowa', 231),
(3937, 'Kansas', 231),
(3938, 'Kentucky', 231),
(3939, 'Louisiana', 231),
(3940, 'Lowa', 231),
(3941, 'Maine', 231),
(3942, 'Maryland', 231),
(3943, 'Massachusetts', 231),
(3944, 'Medfield', 231),
(3945, 'Michigan', 231),
(3946, 'Minnesota', 231),
(3947, 'Mississippi', 231),
(3948, 'Missouri', 231),
(3949, 'Montana', 231),
(3950, 'Nebraska', 231),
(3951, 'Nevada', 231),
(3952, 'New Hampshire', 231),
(3953, 'New Jersey', 231),
(3954, 'New Jersy', 231),
(3955, 'New Mexico', 231),
(3956, 'New York', 231),
(3957, 'North Carolina', 231),
(3958, 'North Dakota', 231),
(3959, 'Ohio', 231),
(3960, 'Oklahoma', 231),
(3961, 'Ontario', 231),
(3962, 'Oregon', 231),
(3963, 'Pennsylvania', 231),
(3964, 'Ramey', 231),
(3965, 'Rhode Island', 231),
(3966, 'South Carolina', 231),
(3967, 'South Dakota', 231),
(3968, 'Sublimity', 231),
(3969, 'Tennessee', 231),
(3970, 'Texas', 231),
(3971, 'Trimble', 231),
(3972, 'Utah', 231),
(3973, 'Vermont', 231),
(3974, 'Virginia', 231),
(3975, 'Washington', 231),
(3976, 'West Virginia', 231),
(3977, 'Wisconsin', 231),
(3978, 'Wyoming', 231);

-- --------------------------------------------------------

--
-- Table structure for table `subaccount`
--

CREATE TABLE `subaccount` (
  `ID` int(11) NOT NULL,
  `Name` varchar(100) NOT NULL,
  `Phone` varchar(20) NOT NULL,
  `Email` varchar(100) NOT NULL,
  `AccountID` int(11) NOT NULL,
  `ManagerID` int(11) NOT NULL
) ENGINE=InnoDB DEFAULT CHARSET=latin1;

--
-- Dumping data for table `subaccount`
--

INSERT INTO `subaccount` (`ID`, `Name`, `Phone`, `Email`, `AccountID`, `ManagerID`) VALUES
(1, 'Cordis', '656789739', 'support@cordis.com', 1, 1),
(2, 'Ethicon', '656789938', 'supportEthicon@ethicon.com', 1, 2);

-- --------------------------------------------------------

--
-- Table structure for table `timecards`
--

CREATE TABLE `timecards` (
  `ID` int(11) NOT NULL,
  `Name` varchar(50) NOT NULL,
  `ConsultorID` int(11) NOT NULL,
  `StartingDay` timestamp NOT NULL DEFAULT CURRENT_TIMESTAMP ON UPDATE CURRENT_TIMESTAMP,
  `CreatedDate` timestamp NOT NULL DEFAULT '0000-00-00 00:00:00',
  `Dailycount` int(11) NOT NULL
) ENGINE=InnoDB DEFAULT CHARSET=latin1;

--
-- Dumping data for table `timecards`
--

INSERT INTO `timecards` (`ID`, `Name`, `ConsultorID`, `StartingDay`, `CreatedDate`, `Dailycount`) VALUES
(1, 'Dummy', 0, '2018-10-29 21:52:38', '2018-10-30 01:51:18', 0);

-- --------------------------------------------------------

--
-- Table structure for table `travels`
--

CREATE TABLE `travels` (
  `ID` int(11) NOT NULL,
  `Name` varchar(70) NOT NULL,
  `AssignmentID` int(11) NOT NULL,
  `ConsultorID` int(11) NOT NULL,
  `Status` tinyint(4) NOT NULL,
  `FromDate` timestamp NOT NULL DEFAULT CURRENT_TIMESTAMP ON UPDATE CURRENT_TIMESTAMP,
  `ToDate` timestamp NOT NULL DEFAULT '0000-00-00 00:00:00',
  `SalesForceID` int(11) NOT NULL
) ENGINE=InnoDB DEFAULT CHARSET=latin1;

--
-- Dumping data for table `travels`
--

INSERT INTO `travels` (`ID`, `Name`, `AssignmentID`, `ConsultorID`, `Status`, `FromDate`, `ToDate`, `SalesForceID`) VALUES
(19, 'Test', 5, 2, 1, '2018-12-15 07:00:00', '2018-12-29 07:00:00', 0),
(20, 'Piedra Travel', 6, 4, 1, '2018-12-19 07:00:00', '2019-01-04 07:00:00', 0),
(21, 'Eduardo Garcia Travel', 7, 6, 1, '2018-12-06 07:00:00', '2018-12-31 07:00:00', 0);

--
-- Indexes for dumped tables
--

--
-- Indexes for table `account`
--
ALTER TABLE `account`
  ADD PRIMARY KEY (`ID`);

--
-- Indexes for table `account_manager`
--
ALTER TABLE `account_manager`
  ADD PRIMARY KEY (`ID`);

--
-- Indexes for table `areas`
--
ALTER TABLE `areas`
  ADD PRIMARY KEY (`ID`);

--
-- Indexes for table `assignment`
--
ALTER TABLE `assignment`
  ADD PRIMARY KEY (`ID`);

--
-- Indexes for table `cities`
--
ALTER TABLE `cities`
  ADD PRIMARY KEY (`id`);

--
-- Indexes for table `consultors`
--
ALTER TABLE `consultors`
  ADD PRIMARY KEY (`ID`);

--
-- Indexes for table `countries`
--
ALTER TABLE `countries`
  ADD PRIMARY KEY (`id`);

--
-- Indexes for table `divisions`
--
ALTER TABLE `divisions`
  ADD PRIMARY KEY (`ID`);

--
-- Indexes for table `expensecategory`
--
ALTER TABLE `expensecategory`
  ADD PRIMARY KEY (`ID`);

--
-- Indexes for table `expenses`
--
ALTER TABLE `expenses`
  ADD PRIMARY KEY (`ID`);

--
-- Indexes for table `industries`
--
ALTER TABLE `industries`
  ADD PRIMARY KEY (`ID`);

--
-- Indexes for table `lineas`
--
ALTER TABLE `lineas`
  ADD PRIMARY KEY (`ID`);

--
-- Indexes for table `po`
--
ALTER TABLE `po`
  ADD PRIMARY KEY (`ID`);

--
-- Indexes for table `project`
--
ALTER TABLE `project`
  ADD PRIMARY KEY (`ID`);

--
-- Indexes for table `schedules`
--
ALTER TABLE `schedules`
  ADD PRIMARY KEY (`ID`);

--
-- Indexes for table `sponsor`
--
ALTER TABLE `sponsor`
  ADD PRIMARY KEY (`ID`);

--
-- Indexes for table `states`
--
ALTER TABLE `states`
  ADD PRIMARY KEY (`id`);

--
-- Indexes for table `subaccount`
--
ALTER TABLE `subaccount`
  ADD PRIMARY KEY (`ID`);

--
-- Indexes for table `timecards`
--
ALTER TABLE `timecards`
  ADD PRIMARY KEY (`ID`),
  ADD KEY `ConsultorID` (`ConsultorID`);

--
-- Indexes for table `travels`
--
ALTER TABLE `travels`
  ADD PRIMARY KEY (`ID`);

--
-- AUTO_INCREMENT for dumped tables
--

--
-- AUTO_INCREMENT for table `cities`
--
ALTER TABLE `cities`
  MODIFY `id` int(11) NOT NULL AUTO_INCREMENT, AUTO_INCREMENT=47036;

--
-- AUTO_INCREMENT for table `countries`
--
ALTER TABLE `countries`
  MODIFY `id` int(11) NOT NULL AUTO_INCREMENT, AUTO_INCREMENT=232;

--
-- AUTO_INCREMENT for table `expenses`
--
ALTER TABLE `expenses`
  MODIFY `ID` int(11) NOT NULL AUTO_INCREMENT, AUTO_INCREMENT=43;

--
-- AUTO_INCREMENT for table `states`
--
ALTER TABLE `states`
  MODIFY `id` int(11) NOT NULL AUTO_INCREMENT, AUTO_INCREMENT=3979;

--
-- AUTO_INCREMENT for table `travels`
--
ALTER TABLE `travels`
  MODIFY `ID` int(11) NOT NULL AUTO_INCREMENT, AUTO_INCREMENT=22;

--
-- Constraints for dumped tables
--

--
-- Constraints for table `timecards`
--
ALTER TABLE `timecards`
  ADD CONSTRAINT `timecards_ibfk_1` FOREIGN KEY (`ConsultorID`) REFERENCES `consultors` (`ID`);
COMMIT;

/*!40101 SET CHARACTER_SET_CLIENT=@OLD_CHARACTER_SET_CLIENT */;
/*!40101 SET CHARACTER_SET_RESULTS=@OLD_CHARACTER_SET_RESULTS */;
/*!40101 SET COLLATION_CONNECTION=@OLD_COLLATION_CONNECTION */;
